protein	pc.1	pc.2	pc.3	pc.4	pc.5	pc.6	pc.7	pc.8	pc.9	pc.10	
1775|0	-0.848178291713069	-0.6698825195116711	-0.12844074595134433	-0.23034871188295225	-0.5386065147777545	-0.804888242161565	0.5294731793470728	-0.5270231339927897	-0.1495209085350985	-0.09087124241849089	
1030|0	-0.8420602266561723	-0.3786203996065132	-0.17604518341260972	0.007554050758685288	-0.4518021600310727	-0.5973000902630208	-0.3426300345212012	0.017515211227521216	0.10463057185913412	0.07616664847534776	
5115|0	-0.8629578511233755	-0.35965537008384485	0.22741528685396833	0.3915252281762106	0.6489107528288921	0.23817806571229988	-0.37302315373421596	-0.4595119836417289	-0.29500231365367097	-1.0523725244701263	
2194|0	0.4073627155145715	-0.2886818487833344	-0.7730284640477906	-0.773901439266378	-0.235747489242411	-0.015304620413272454	0.19537666007011417	-0.017809578811324053	-0.46169499999114944	0.57253421124776	
2160|0	-1.2771957284658326	-0.22677483986162836	1.9370519589182742	-1.4548879356185744	0.5111301496883959	0.5934923938106539	1.029232208012377	-0.03193448889598872	-0.5440931613831806	0.37274321776645175	
4034|0	-0.37057297221273683	-0.15816897230183588	0.046178542540400914	0.010774531458311452	-0.7935855947433916	-0.6959760187894644	-0.09608312785698174	-0.6038867966319542	-0.4066301417724278	0.122331160104719	
1077|0	-0.44479671494119366	-0.6644274367212212	-0.3601931621214973	-0.09352976087969675	0.15404956264013375	-0.6185914320561342	-0.28725531025295126	-0.19069243984628886	0.29727457340930663	0.25267032519972876	
4100|0	-0.11887050887928795	-0.029142087515273928	-0.5040226190630618	0.31307782081975255	-0.5099228729311436	-0.8371376045743798	0.04104890274385226	0.012003641282303143	-0.13183951051583878	0.2776235316810953	
2006|0	-0.10593243457026467	-1.1745969418005653	-0.41103234663849014	-0.9451983070735941	0.5640362746054479	0.014739294380428503	0.04485472994153242	0.3893032123379535	0.5218092128201326	-0.07821003840890059	
1401|0	-1.112483269992408	0.3555167503146778	0.27470414866729215	-0.31500347397538364	0.3454077821934138	-0.339171522622051	-0.041066627517610324	0.7518528263926182	-0.35972845249275587	-0.09869438040457139	
4578|0	0.669949959437822	-1.0483351137158492	-0.10186468078356255	0.6759080777866324	1.0132593196666855	1.1681656840724153	0.5525940701633413	-0.6435252831328268	1.184217329673217	0.3638310907424734	
1568|0	-0.3201804655983444	0.8144707864984515	0.5641673492136937	-0.6748285683971393	0.569833077014838	-0.06351820291216499	-0.4572576546762178	-0.6835947602934285	0.039932753558558326	0.17757065345768663	
4980|0	-0.0320002741834145	-1.0710647152285586	-0.3898523291297883	0.17410166309963393	0.32573154409183835	0.1526876075421813	0.06467885032642524	-0.27761051327379627	-0.5135509822960727	0.4697059709075695	
1832|0	-1.0294635728230337	-0.12373837235919796	-0.17491830378484532	0.6985507165180853	0.16008082955027536	-0.5367416678146518	-0.16524158237283504	-0.04502488744104709	-0.2429940495721472	-0.46711690145624596	
5084|0	-0.9521515180680448	-0.7209671453701869	-0.026297134484708544	0.3586330721030069	0.31167298691461165	-0.2544733567899187	-0.27952128392118286	-0.28131551663940885	0.16919509092289972	-0.6600407792053887	
1699|0	-0.9172606117370278	0.33102485832523093	1.3610584402963493	0.19031029271156008	-0.4679679652843946	0.8894365621752732	-0.616634693821867	0.2685373473668728	-0.2806427477894904	0.12137611274863777	
2340|0	-0.7610383527636077	-0.3421447561655268	0.7025524793544653	-0.42046954096958505	0.738552796125371	0.2698592694179141	-0.0716025246313721	-0.8637106054701976	-0.7151241558426699	-0.680035421168532	
2701|0	-0.6904930785262258	-0.44912077734896017	-0.29210737505720946	0.046152382900569285	0.42758313605485293	-0.5184463090597026	-0.4616752798735588	-0.31611908793501986	0.25697031302057965	-0.8747195503358731	
4434|0	-0.5163537044678996	-0.33824330395872404	0.38134837362328355	-0.13171271475506355	-1.0603642159645186	0.2728648649269009	-0.7006347125908157	-0.16378551023911592	0.24589095228907942	0.010274966998774112	
3939|0	-0.6254441812186984	-0.4474877624881104	0.26154674879255213	-0.2932210395794455	0.2542150875317169	-0.400673345497572	-0.22861215192366516	0.4183050099946348	0.01462173295600564	0.04791409458236487	
5044|0	-0.33730856217869226	-0.2263225592767273	-0.3661027131800639	-0.2491260484487869	-0.2956222217617563	-0.3051352067728873	0.2431009085710667	0.6025705086926181	-0.027401459086168724	-0.33515766964262267	
2590|0	0.09955600751015577	-0.8736110962321171	-0.2341486461918416	0.22452005331915284	-0.07627853419930168	-0.09572211480277315	-0.45096849591656185	-0.7128126879910637	-0.2634749565709508	-0.07005293858103277	
1242|0	-0.8356240630046532	-0.3713507772989334	0.007783609703615491	0.44906771022015646	-0.14490378932596845	0.08025872330267703	-0.4086376403310324	0.10647154210816649	-0.21872073726859242	0.021238556835117932	
5209|0	-0.07273802515323663	0.8635762056660923	0.5949759454336591	-0.9070651478110764	-0.1679441321323201	-0.37927007864487167	0.7229935732590342	-0.0178352069047831	-0.24962854702869938	0.673082106548997	
4537|0	-0.43835711794418836	-1.7075540361094577	-0.7940240419215917	-0.3688367244655614	0.7353424908890338	0.6398600192083825	0.48143512359693125	0.14213394599345008	0.2557244148528087	0.44858482341214506	
2020|0	0.47682630799593745	-0.792154331306688	0.3119877620764226	0.3917089833673143	0.5966801670162727	-0.1421911408496382	-0.091336774703986	-0.25256318355318247	-0.3801323578963166	0.6044710147581629	
1486|0	-0.9787935706072584	-0.12366804902204385	0.09558241572978299	-0.3054885940207946	-0.09173114792528664	0.05826404154860073	-0.3722643787023175	-0.1104930723806634	-0.3210877002855395	0.010759077697115765	
2944|0	0.5971742838305116	-0.6240796526527662	-1.5244958739786127	-0.3110178856765196	-0.8570705866359493	0.13619869840947507	0.23255137278839333	-0.07996909016243263	-0.3160666189645913	0.10057563299303134	
5192|0	0.01872933988628498	-1.2389880992022797	-0.021332658956628	0.642444300528957	0.04099267826508789	-0.30016619312171106	0.2501345167119121	-0.20385770834876435	0.3004003482038943	0.1318899607483139	
3889|0	-0.8904713389200469	-0.1279770155874693	0.29351382644307494	-0.19608415711578164	-0.2293670072880304	-0.36931805668464596	-0.24404925668325053	0.12331944503805209	0.2958586827959505	0.29993049427362933	
5152|0	-0.42521311971451115	-0.8983011437481462	0.9849687420889388	0.29887767724604186	0.635825431131405	-0.10237397876493516	-0.35691633416882174	-0.17241451651547715	0.10096359040536446	0.16833875579205948	
4163|0	-0.7186513513815805	-0.961843133091514	0.6872933036887348	-0.04868527401288498	-0.17679410046587485	0.39386942027672767	-0.5062224472284853	-0.3484870873516403	0.05791376048124422	-0.011343615403140042	
3309|0	-0.6187028682454551	-0.4654056080442096	0.17327883060026048	0.14904957793160611	-0.5174626289925222	-0.2806224688222698	-0.4391644432278813	0.11368714995950502	-0.18948973982966683	-0.5737475029031242	
2770|0	-0.43407395177279534	0.3212390511992327	-0.020901360125165285	0.06452501997612282	-0.7333053367842676	0.4883253301258432	-0.8779922271066138	-0.42598001655825973	-0.08665968506100916	0.2025892252739858	
2301|0	-0.9771891827857802	-0.5882599887153781	-0.22649322653877382	0.3087106542670444	-0.2797288738775979	-0.6810256766267172	0.08580245526831451	-0.1036035690617041	-0.12148413547657132	-0.024583807379866478	
2158|0	-0.4601943338785045	-0.14133911814373207	-0.49032610943809307	0.049295266569902206	-0.29350858555705145	-0.11127269819516092	-0.1894025370438954	0.6221542765482496	0.07486586554719768	-0.28300710091989895	
4112|0	-0.9439011388862665	-0.8573771653137757	0.146275075819461	-0.45826445305321334	-0.28698116114236566	0.1570363925366535	-0.37308716222615684	-0.24677850799404907	0.4603715833713003	-0.13447846790744342	
3124|0	-0.6979301782957402	-0.06213927822324647	1.586359794106717	0.45241254543695064	-0.3630373105189531	0.8796858466729909	-0.043693880895964834	0.9844103876756828	0.15778496019567803	-0.40216905037167006	
842|0	-1.5266811131985716	0.8594615985140539	1.4601350018394712	0.9713686937646503	1.2227551236154919	0.21865149616168136	0.3744242465483002	-0.0032743323465709313	-0.21137825197510343	0.5106775068189747	
3221|0	-0.39808989562213615	-0.6813835708776749	0.8092418259032116	-0.5548095476640528	0.3560042799634441	-0.48523776082794934	0.01977490629841259	-0.11795727310145157	0.18883791191925117	-0.26351069382418235	
2154|0	-1.5399219683635506	0.6461013683697218	0.5704786062214208	0.5292652446582427	0.14711913214406808	0.41397686828802	0.755205545265432	-0.2701143341924887	-0.029439696471037946	0.19735302750088296	
4085|0	0.08979672984990976	-1.1630482321495974	0.5541718838892435	0.5171711462096747	0.7301857603867264	1.7224276154337603	0.03151974125970835	-0.6830506873923684	-1.2017425342773964	0.4932341266821648	
2985|0	-1.307501438217767	-0.4149996318149712	1.4572654475804083	-0.23755043781802207	0.8735210523352217	0.10466505177458785	-0.09958422080552681	1.1394437773703612	-0.17122087558818452	-0.29784227851832545	
3611|0	-0.6427197443530158	-0.6905524525839103	-0.4083946842555156	0.41567819694857494	0.1393190375324569	-0.035636242586696384	-0.3587202889518041	0.3794160439105378	0.2259255860947595	-0.3307397320516508	
2387|0	-0.6761416520399038	-0.5520007984943424	0.2530859599266375	0.39104555969871646	0.06257346394351869	-0.44512467318870724	-0.42883056156576443	-0.3230644256388717	-0.3352771388309227	-0.18379573150204728	
3066|0	-0.25871246257919883	-0.5393179441203589	-0.03853636158449635	0.9563209306644191	1.248219890323199	1.3196383860494427	-0.8894085083140812	-0.6315925175763804	0.32985163717909	-0.18798917085455485	
4058|0	-1.035406461612198	-0.12449508930321208	0.6651338912634339	0.0696995782795987	-0.31934011533287315	-0.3538910388655611	-0.4182185445862234	0.32848116813116573	-0.11327174097929933	0.26480944577776244	
3087|0	-0.18558269544241573	2.1411247964716726	1.0577479111415407	-0.845490018281917	0.43593003418902887	0.6114942962543486	1.3872182596851452	1.3715695555186704	0.29876967534938126	0.47512889445044315	
1855|0	-1.0554084679616118	-0.5626312288741835	0.569268965400213	-0.07132083993621811	-0.33890003537588587	-0.5744117121149634	-0.33886966594581236	-0.013202952240814777	0.13211495225946515	0.1453416259915249	
5225|0	-0.29219858831895684	-1.004680284430952	-0.0664354904666111	0.6022237687272859	0.5832716156641398	-0.7293529946468694	0.28465084520040923	-0.12272066536229871	-0.18101925160168844	-0.3846594677073101	
5256|0	-0.8341262613261983	1.4874974414143636	1.0247256872526367	-1.092500003023879	0.13283772274052	0.3926664241617078	0.6501745257256193	0.6264539698381559	0.275764351268011	-0.0854133478274518	
3038|0	-1.5830206444316572	0.9154232273721438	-0.8357341889526017	-0.6106348429470778	0.4107919851703327	0.24310366290531216	0.49364993497237847	-1.0979192814396603	0.1921161167967235	0.39972668535354083	
1344|0	-0.8539763695012242	-0.574841987015161	0.6758769608929925	-0.26905800642951094	-0.5370220562578003	-0.20198110867055016	0.03710027887436602	-0.18566005077808362	-0.31994696026671304	-0.45659025984707313	
5275|0	-0.3213937245425793	-0.7487914057719028	0.7544914152181088	-0.20968734899660335	0.10433101729758035	-0.02956481761233493	0.4235249525538213	-0.8362899205211183	-0.24600972997681403	-1.0587291438397535	
4992|0	-0.6293057525844999	-0.8661278033870059	0.8197420414549252	-0.23915271245655959	0.425527549813055	0.18428882851753434	-0.472818695001222	-0.27252009626671836	-0.42855940337233456	-0.22442622319433955	
4529|0	-0.7480121928420204	-0.8163937519396786	-0.008597121910730417	0.5511195580338952	0.15712710918565806	0.604821113715036	-0.20820017762876358	0.322488076107722	0.1563884992713716	-0.29528075590516034	
3715|0	-0.6200664040259908	-0.6926735223259046	-0.28362539065075376	0.03368916054240591	-0.2548707089823298	-0.8062852931188635	-0.44506876038541393	-0.33330059423142205	-0.0795854318299248	0.31184461533210667	
5013|0	-1.0688259255551924	1.1065332416915354	-0.11027565314397222	0.48573861965798687	-0.045098935576449166	0.45282030707234133	0.10729510435974943	-0.4674989513492407	-0.004757694576388559	0.6112101615519756	
2427|0	0.6252245917801735	0.11286518783328504	-1.3360126154289904	-0.6427843776069322	-0.48790166709693694	0.11215557768139059	0.014304192027812333	0.30587992709643386	0.2990630962843347	0.6012092741954378	
1201|0	-0.17447793330117387	-0.5263001025768119	0.5151618539862952	-0.9304564679938806	0.28899081300729285	-0.201755261769922	-0.23956833579849196	-0.548810749317424	-0.18871694948158924	0.724639831448008	
4177|0	0.5491110152462367	-0.40194509606185563	-0.6273832361041727	1.0600914393122969	-0.2140691565417871	1.0810215409964752	0.6717636527613888	0.9938643554982972	0.138521121875452	-1.1402735605901644	
2136|0	-0.7184611220250555	-0.5457897421918004	-0.0312510202435715	-0.09773284372744868	0.7098858015021786	0.67019859202831	-0.9755231321366316	-0.4159996056434571	-0.34351507583345325	-0.45406026416301803	
4830|0	-0.27836661104424437	-0.49895723948016996	1.266722898528398	0.34846877370892654	0.0561562491399716	1.9437728952808706	-0.28941636345743127	-1.6678016973015029	0.17125744456866246	-0.5895695127832011	
953|0	-0.8778916254269762	-0.010428547640810039	0.1850335068839975	1.1288906838286832	0.15502641495088323	0.4224656957123735	-0.3460373918941076	0.2992785093728151	0.1409929472491448	-0.09432765999971902	
3133|0	-0.618132514957612	-0.7713733830630314	0.7769827733744774	-0.002656617787836206	0.23884649626110127	-0.4611508262316987	0.30711757239275905	-0.0568176547241928	-0.4101490013045247	-0.4844860514871844	
3678|0	-0.15134021831221373	-0.8052915284791992	0.12243530320614054	0.45725909544163146	-0.5601828008497677	0.09261352375958917	-0.5075726656673486	-0.361970006494551	-0.08802602592712395	-0.5599173655890475	
2516|0	-0.23471267930401754	0.06934376712182759	-0.062106129900293724	0.1468287428474644	-0.039324813712227784	-0.5881014400516404	0.4522942920393128	-0.24970916793073544	0.2500875001487896	0.6097768608944562	
3292|0	-0.19539255206298523	0.614771276759517	-0.15754588567794317	-0.48473896210081235	-0.057056200105931903	-0.7349498600061521	0.0031511400755576905	0.04325630545824876	-0.4787370096833752	0.24551533393405067	
4275|0	-0.7888116310218889	0.48682518384960644	0.41708908257597427	0.6279993660730027	1.137184022628769	0.27311965851533926	0.2152376676819099	-0.16375472763183505	-0.1445003546296776	-0.5181100269126899	
1408|0	-0.6547192096516379	0.3042285898458955	-0.1372448074680789	-0.11109043723489635	-0.3712322570911949	-0.749993133755633	-0.1975131306518337	0.1185817449035388	-0.07757430994515205	0.5754039960480182	
1831|0	0.05294290176671349	0.22819528437794712	-0.48267543743730257	-0.5193599123640029	0.15072238504207505	-0.0958465728695255	-0.32014630135620586	0.24034215288764285	-0.8624889465207117	0.27963619896464065	
2270|0	0.7058260249267582	-0.663270933648927	-0.749645815274759	-0.7681047333848197	-0.1833221889288042	0.0892128893917039	0.31537753661836543	0.4818082313908491	-0.5976863805661327	0.4200991151289108	
1214|0	-0.6620830565794986	0.22384352321123388	0.4373441000799712	0.2413844467355304	0.2533314102427748	-0.6984211552982539	-0.09764187489015946	0.10112258144918704	0.35124574156592314	0.3295867149561771	
1784|0	-0.02115879391331363	-1.3999701439169296	0.2000797987472367	-0.7333237038025265	0.3431490041413865	-0.10767517968943133	0.954468380472628	-0.41524162692796285	-0.4050536845846931	-0.16367267686477888	
3734|0	-1.3457613146820735	0.028000123449783358	0.10803073251198482	0.7916468599476939	0.04349687650483569	-0.20602832172001148	-0.20023026521774337	-0.29644665266834597	-0.441884020092795	-1.0149326781275456	
1218|0	-1.195651366092686	0.4462012010073676	0.36440921822322003	0.9986570305938302	0.4818404107529839	0.29324153637177325	-0.14939679383001983	-0.10988149028272903	-0.3604554638340468	-0.20482236529659348	
2945|0	-1.593689370334949	0.8458958523087411	0.48180931120360165	-0.5797692650042547	0.15714291915009046	0.10843648155040575	0.362451763463078	0.4702882637233706	-0.9716622257999237	0.40405536894891336	
4257|0	-0.2991127967585028	-0.5496655874072804	0.46019014991361956	0.10412200748352954	-0.4720776788823173	-0.36271537086336036	-0.47019194589151253	-0.014860849598716523	-0.2936742056193747	-0.205123869257647	
2800|0	-0.8762812921085227	0.7434277447224846	-0.6603681096574218	0.06299030077758343	0.4166855295231334	0.11004593213389616	0.11330877401648085	0.37836099517274563	-0.6716458039084471	-0.40244234791547195	
4525|0	-0.5098004308034486	-1.055122756920265	-0.09943797584591285	-0.5184636872439996	0.09117149092408804	-0.3261143624543679	-0.2990402924282417	0.0926873915909739	-0.1159085587093119	0.10863361226482049	
2065|0	-1.267790207647208	-0.2063328917958427	-0.06331789172353043	0.14059501962455132	-0.34838745045256525	-0.5818589408307376	-0.14385635152241769	0.048819995503024634	-0.029568527422655238	-0.2285109738449356	
1410|0	-0.07276508511045701	0.01319323104889789	-1.2903259683715134	0.5767683538019072	-0.11529757316223681	0.23264408757803573	-0.23047451315316772	0.336052077010236	-0.4131169641649565	-0.6377690188001901	
1239|0	-0.19642510162369578	0.15275326180325705	0.6327073077739858	-0.1994430260774812	0.14134531520173846	0.10766109023691924	-0.16348546502766226	-0.40763722922284806	-0.20561820985516713	-0.015845437154562235	
3378|0	0.6354284418803908	0.4329791315149057	0.771261148342323	-1.0091057125632792	-0.8427504967744727	0.5537077165937783	1.1344628489107167	1.0699931611564186	-0.024500359841342797	-0.34015545959019844	
3128|0	-0.1893797239298649	-0.7317597672738512	-0.15629235260858962	-1.2617969103297737	0.901957409650152	0.33882494544789044	-0.4875359109238222	0.34777247093405694	0.5339694153043584	-0.18106301115690848	
1200|0	-0.7651015042355788	-0.5609841588476223	-0.4408521170195533	-0.3107723142679855	-0.2579828275387652	-0.611884839289304	0.22156828186392238	0.11807059454516783	0.037388310840629733	0.25217128678693196	
1786|0	-0.9316191028887396	0.23487291940532795	-0.23504815001514417	0.0431110684037141	0.00737153663347307	0.06594565653714919	-0.5548032068964968	-0.11716373751924625	-0.22638670142898207	0.3374465285033769	
4521|0	3.6215977173481284	0.19381308637979236	0.7330205838790156	2.3621791980527864	2.2818141165365615	0.6037092026354819	0.9642337252648411	0.48463276809703565	-0.9667628464842398	0.3863761003828126	
4536|0	0.2596270794494429	-0.3697267425090918	-0.11206100738020361	1.1264967635552663	0.271347364257855	-0.6808993038196443	0.3888591806285275	-0.21810767053587057	-0.32175874091433376	0.4117765074622894	
4832|0	-0.8573258069585359	-0.8208830802447504	0.07595663543412486	-0.01643666437690177	0.24692204540240092	-0.28334538194911	-0.24681644558913146	0.2939140605220893	0.07724516782771827	-0.3486149344400032	
2349|0	-0.9709900657005227	-0.09771022835863405	-0.012007785213010522	0.14186152495135013	0.01998641280721714	-0.8327332128957643	-0.0001530957629802986	0.04056033328762132	0.39798570200387756	-0.39684336649156476	
989|0	-0.8454705855521307	-0.2868471412609779	0.8643601355210679	-0.40851030617116557	0.4058127065669138	-0.01739372928139814	-0.7003788939281393	-0.1114131491748088	-0.018433594486161907	0.2827065057720535	
1833|0	-0.8534621997037587	-0.31020379243617047	-0.38841718756345767	-1.0022656539456871	0.8679243697529674	-0.5247733956773226	-0.2270045290538032	-0.07705809497123108	0.8139797003219288	0.2229072681680109	
4548|0	-1.1050660686824962	-0.504613183851837	0.2396941287480385	0.10694131200358678	-0.6037469444801999	-0.7317059735043488	-0.10103488313541932	0.004869860803266899	-0.1408301362921938	0.05424126578723228	
1807|0	-1.4197266682352165	-0.22155992028195784	1.2123483514753115	0.06877826391106305	0.05733281727251973	0.39355705442863886	-0.42535786148881277	0.4311538368325676	-0.45387861775059274	-0.2291265769872338	
5068|0	-0.7025931189345415	0.38857054933813734	-0.2477106750298448	-0.06365310828027092	-0.692611772942536	-0.9704879822558371	0.1549605800441596	0.2637003182283325	-0.32433130963805257	0.2493433540160748	
4673|0	-0.8841562631404215	-0.16699276813094668	-0.39392537182225335	-0.493316306649131	-0.44222100209212095	-0.21455035224590863	-0.5678868933043684	-0.16228045076861522	0.3666689806753635	-0.09489316122877377	
2163|0	-0.19331688473680567	0.2648057440146779	-0.7048594812366482	0.2452669039688045	-0.6509111681068077	-0.0545356885812502	-0.032727511105984375	-0.60095706381048	0.2766214172780436	-1.0844169892786102	
2396|0	-0.49941921359531316	-0.7468199850840546	0.10260378856587797	0.9426838221555605	0.09189167470810247	-0.5118626286679442	-0.0968374128567853	-0.41923844569656316	-0.09457645893150209	-0.5551253886348388	
1719|0	-0.7474236199704714	-0.7791359132544553	0.15188002757974808	0.008483280386893437	0.1512152250138748	-0.40812157365398083	-0.014335702838023105	-0.2631623544619313	0.4898561696234134	0.5621030855289727	
5007|0	-1.0617471221695762	-0.7278900412650801	-0.036292552736888	-0.17688283468257449	-0.3265910603926922	-0.3794611912457537	-0.47962531724372215	0.06668522296434287	-0.14575341567601316	0.17111245702423106	
1765|0	-0.5926297606639291	-0.9787665016591959	-0.07145858193923553	-0.22447583906644414	-0.0020916944437184806	-0.22843255800527362	-0.13283220617287758	0.19446639055455422	-0.4536712772964683	0.20347446647031828	
2106|0	-1.6241740227169204	0.1954415931865425	1.766774495017521	-1.6290122962297788	-0.00594669200950817	1.3614643160713447	1.1166466926512542	0.0867023145815477	-0.2353992382488812	-0.2984432388286551	
2686|0	-0.2538525101996263	-0.5137334935153431	-0.22553346709396702	-0.10336150436119136	-0.27302719682828386	-0.607107037376965	-0.08842428467920968	-0.17559922725498814	-0.20234460300980053	0.048313601389523175	
4095|0	0.14955970424209333	0.20301939519596715	0.03159709203544831	1.037303138575721	0.3980129568219815	-0.45328910130338157	-0.8893969211573194	-0.5406276082338441	0.44454120723744134	0.05544805786642769	
909|0	-0.5549198533302383	-0.7048295721945217	0.3741410038161576	-0.10049496698827404	0.16161714883781214	-0.0995499263394425	-0.20850193266902675	0.3468622376192102	-0.04856554065630379	-0.24721175781434016	
4605|0	-0.31281840323093907	-0.006506139126645058	0.4460963058015557	-0.6563583183253136	-0.9656687634919299	-0.42282450117840703	0.6314285439987773	-0.3134959667872715	0.17153267202092973	-0.5682259996735417	
2549|0	0.5182423342612098	-0.623686689650787	-0.9975143830711706	-1.1086617451643395	-0.12628180188945473	0.29399906544430165	0.2721021067191165	0.47579441111033344	-0.32778271141409776	0.4316396667771364	
3129|0	-0.31141469221570556	-0.3097039444541374	0.6635575111312916	0.08265576062257354	-0.5669735998156369	-0.6619414874063091	-0.3481620597626773	-0.3464786313643117	-0.05531774840394889	-0.3399342494794698	
1339|0	0.8830989306896821	-0.8348552120102508	0.6700431096923235	0.09343655320855289	-0.8243519046853613	0.9877521316661269	-0.026262502771966657	0.4987370753748074	-0.006183972869686312	0.8502377825377976	
1468|0	-0.4579126582762307	-0.7204483728082571	0.9908504296879083	-0.1374631041394521	0.5949893056611288	0.6999308187588746	-0.7216438665722367	0.583447332049984	-0.6621821716682806	-0.38106243417126495	
3652|0	-1.015840683659247	0.511322323432611	-0.2573736654614144	0.20094687283489351	-0.38532019144131896	-0.5525836885902775	-0.11614631934898152	0.07094598214180464	0.055969901367129975	0.14921176567442251	
4389|0	0.44711211432509845	-0.27054069000735415	0.036080102154230596	0.38111185865887115	-0.7551595144655256	-0.21660760128504294	-0.10144007637276192	-0.219301250251855	0.39371579988427036	-0.6207295409792429	
740|0	-0.4394480040730265	0.21835879817516443	-0.5033008271723044	-0.034772001801606243	-0.7121980390160367	-0.7239908241866113	0.15879868174418793	0.15008838103653396	-0.42162049583011396	0.047813697203227604	
3118|0	-0.4037405075751701	0.39335945693656754	0.1489627459968222	0.6169041272968372	-0.14932586973349768	0.7267406483797938	-1.0183264564675416	-0.1779480993704076	0.4196625580780739	0.6693985618562911	
2264|0	-1.187206213429481	0.9489224015368636	-0.48841715733315266	0.6678015456820937	-0.20340348818743417	-0.7471476862552612	0.2589464737286786	0.4215526067528831	-0.015093590130558573	0.19792569647903374	
4754|0	-0.7734031888677431	-0.7674651190443104	-0.09141713213180672	0.3357297591304394	0.6870042799781627	-0.7165960150087859	0.7773335261139845	-0.09034761943408719	0.019997937243531355	0.05745766632774665	
936|0	0.26846642418452105	0.4346017724762385	1.6921283600096733	-0.8708517487173605	-1.1907161355814315	0.2710841401889619	0.8939544868173899	0.012989552647246584	0.25807064090648385	-0.12360071159909268	
3293|0	-0.7373573809576297	-0.09777170837949424	0.9383511872716753	-0.6981633525264129	-0.3744676572934031	0.39706214241860904	-0.31138008750450774	0.5417334878023009	-0.554363363198011	0.28520314718458706	
5050|0	-1.5891395991288597	0.4467537514590638	0.35554428971253166	-0.29326608496498713	0.22018740358948263	0.11582430068430122	-0.27715234344205897	0.11694961134732747	-0.4443866943998138	-0.10896847087181466	
3765|0	1.0609556761592025	-1.2070720889235216	-0.4601140354006087	0.48322505883801264	0.4770567134136227	1.0356988757365493	0.1056744670179312	-1.070376710698423	-0.20795700902684394	1.5481842459865056	
3146|0	-1.0323365723925528	-0.45576383011760546	-0.6641794945978322	-0.5124740511385035	1.0927687787872138	0.9976385626851515	0.599907683643889	-0.39835706771200896	1.74366088688284	-0.3598110039761107	
2575|0	-1.233157566319111	0.011909889421732342	0.9522970609927112	0.457134111183018	-0.24784371826890836	-0.4494055429722956	-0.4464239450706279	0.14104177024491335	-0.12570429602573882	0.05244782375256623	
3036|0	-0.8975851701072896	-0.7482959410247132	-0.026227980316733124	-2.2149419392107013	0.6191173419300744	1.1921147950411044	1.3255501180500389	0.5852888205617252	0.082257372275003	0.40015338514557747	
1893|0	-0.6010049917410712	-0.7819160079967372	1.1983580068435167	-0.43207790079370245	-0.22555564691089305	0.4001424305768901	0.6162148138869816	0.07673240188347162	0.12826615360201848	0.18146193638291386	
1820|0	-0.8766495209167171	-0.42523137922722476	-0.5311350218815388	0.03434509307805832	-1.0081020963473866	-0.2283975544772327	-0.6267472167198694	-0.26253538733428855	0.3411871773827524	-0.1349972828001301	
4878|0	-0.05752907101779342	0.5898630774495008	-0.6471086523831855	0.8907663864671342	0.651487433952422	0.7080184739860033	-0.961476246166184	0.3698567796843626	1.487918244820027	-0.26931494824758795	
4340|0	-0.38740389301681655	-0.46711351375045057	0.10617334743264134	-0.2971314434550752	0.4773493081911866	1.0288843100817082	0.35588377311622144	0.3752278239254309	0.3922372641246964	0.07144289066974718	
3441|0	-0.15718204610977932	-0.9034211119866221	0.36828768386393035	0.13902839489399174	0.18861155749872827	-0.24765376135566466	-0.5777743291922708	-0.3776095492736424	-0.060560722089407625	0.13018382010014617	
4289|0	-0.5465843765725059	-0.3449730627009759	0.3582956067117192	0.7121205373781804	0.15902264987896342	0.5072333098329835	-0.629348728664605	0.12430906727220856	0.1727211183853901	0.276430880263651	
1533|0	-0.6584133713200432	0.3026450984794446	-0.11745639447480845	-0.36044893277967993	-0.2588218241040544	-0.6801108241285927	-0.27785414488684385	0.017658355120376175	0.06015095256667077	0.28112160134639635	
4300|0	-0.03533435011782372	-0.514825896364883	0.9430649677099521	-0.030737044744437357	0.17828125104334738	-0.6932602155693781	0.4409026581769883	0.20170139290424585	-0.3236872861787857	-0.10103555802769118	
1459|0	-0.6694200336134728	-0.3724924657146044	0.7250411517663364	0.9530303340364811	-0.44898853348510753	-0.05546312723457258	-0.15525676568059907	0.07145197687073936	0.024047244549163536	0.21884821728610487	
2986|0	-0.6717029896631987	-0.3012175336206764	-0.2308323059758573	-0.2376464114685735	-0.049778433665463646	-0.4080585969490352	-0.2206033880127578	0.07043440499595079	-0.16556729061989753	0.42422584990633244	
1846|0	-1.014695208726719	0.10743502849089889	0.23128772113209947	0.6076939596705103	-1.0506970030643614	-0.39662220091361555	0.03536380655238865	-0.21045750260825385	-0.34236882186982776	0.43677105031095037	
3296|0	-0.23577230007492664	-0.21053278403477163	-0.34840239312077603	-0.36267286089612116	-0.3878126931576524	-0.7084064736460706	0.7023476080988409	0.2781466882392647	-0.5467722705974921	0.045178507787065295	
1449|0	-0.8218985183185433	0.13205800187213862	-0.15499502804195409	0.24428509234237705	-0.11119549919996752	-0.7850582627562571	-0.27873132136004797	0.10536035464078126	0.47816357796852965	0.2916869036490324	
2764|0	-0.6815376488289906	0.391741672737716	-0.9338681686716241	-0.739294006722851	-0.5536331755213434	-0.045210315484352455	1.1859516215135573	0.7679684326954329	-0.19705764587855465	-0.9150277733732517	
2345|0	-1.0380572964169443	0.31530883044319175	-0.31410285867563786	0.08737057013229144	-0.873122559946099	-0.5241351402255832	0.01432172147097292	-0.08220121740342051	-0.1882110307282593	0.08535938086589318	
3001|0	-0.6043211298892646	0.11409306303463264	-0.1366730209888224	-0.4445660265657371	-0.49363505417011716	-0.25043820658132265	0.1063412682165233	-0.24756960489056742	-0.41756397443541327	-0.09785473275425399	
1289|0	-0.6459104501038908	0.3230268132280571	-0.38650152920050806	0.10296985963904415	0.06251135971047317	-0.5092038831670339	-0.0846200903453559	0.1668370123619734	-0.6280544204354931	0.05787056649331734	
2637|0	1.6491134231052886	0.7715274192393107	0.4378273144377549	-0.4834367873699079	0.0979886295806155	0.21097257980302556	-0.3432043605094756	-0.06878011443651376	-0.40193883712926376	0.4670901719415216	
1746|0	-0.7829153986128375	-0.5750275677414164	0.347088751685243	0.315926532540996	-0.26647963573139766	-0.6191281830509752	-0.5661090985541372	-0.4984791193991583	0.13662240548445323	0.13911657107513373	
4893|0	-0.9846139254454563	0.8444364851750805	-0.6273146167792095	-1.0667142956854054	-0.7386518368156645	0.9991485321739275	-0.3559993618717929	0.8984052072950184	-0.13013679564905703	-0.4503568840899615	
1134|0	1.1632548862432346	0.20198786461760118	-2.1483199000331443	0.9137360883974748	0.7543440998565589	1.691064816964002	-0.5993918285057696	0.35926387773099244	0.45837043655853826	-0.18666108716101182	
1492|0	0.08275187257096892	-0.41570320931102966	-0.6474799488275516	0.5867536709294798	0.1190271250861576	-0.5561048102809291	-0.26242785383413425	0.03511033209785259	-0.4149708960816796	-0.09520522720136762	
2312|0	-0.3099921380871872	-0.31698074492174105	-1.005343338628817	0.1540737273727539	-0.3414899883334125	-0.41694296182542334	0.40441982844942276	0.20061967228970207	0.04650609972720621	0.3113563574720888	
1805|0	-0.6648611233377308	-0.8002898586673041	0.6803545869891315	-1.0686620813931296	-0.6841543073751353	0.3677865682930888	-0.07060448903956164	0.2182150360775658	-0.13642194704614746	0.2995172018485026	
3147|0	-0.5691396760221707	-0.05619323172569253	-0.4170747515899819	-0.029565897447509693	-0.22298477040415707	-0.3336910139437073	0.40572221736723046	0.7838883621104509	-0.19801129793170213	0.166485956373311	
1705|0	-0.9750473512909711	0.040586321015291874	-0.26824689944180513	0.3601585727966771	0.6210918289601856	-0.3012748125474368	-0.32987393063048864	-0.2731203353782214	0.159358340045008	0.13654055059557804	
2528|0	-0.7517559968445697	-0.14148907452894238	0.25819286471983194	0.20542140992575803	-0.4611265665112185	-0.392790444359683	-0.04071291068494649	-0.20963014314263403	0.2185896779835812	-0.47154124024625427	
5058|0	0.4145366553728393	0.14623219622850694	-0.9419599337758411	-0.1154370740643106	0.5006557910299404	0.8198079177481783	0.5060775516329077	0.6300637657048984	0.5865538491751747	0.07546593524056026	
4225|0	-1.1592589371090711	-0.6381273360911949	0.8376072110870305	-0.34218459680821434	0.5879157291067438	0.25488200025963276	0.32757767502890034	-0.549821471168162	0.27395753250512345	0.19131576497928232	
809|0	-0.07904655840583447	-0.34592505177895444	2.7151007733402395	0.4335194425611571	-1.1124882098625166	1.6197588286120799	1.382696406057558	1.7079354932368145	0.6733783525672872	0.6340440095030876	
5001|0	-0.3872119075184023	-0.9611555578327786	0.33172892738243065	0.22581205148798297	0.12866199757538413	-0.6908010630311506	0.15057296706204887	-0.3131090137379742	-0.00570233492538906	0.06331282236460475	
3964|0	0.07308473433706013	-0.654983096405376	0.35444992636351885	-0.45287251349095264	0.5026771674569024	0.008593604166852665	-0.01795235121902612	0.6754617912443492	-0.6826204844497251	0.20346982575053332	
3037|0	-0.7419930523721835	1.0265586595612215	-0.3622310586193599	0.15655668977396545	0.227249545681493	-0.535691601360656	-0.22740138650760747	0.34412313776993003	-0.7097570673759992	0.12163573984287036	
1358|0	0.18267150628598183	-0.2113501540041404	0.6708368640896801	0.16972525842522865	0.17532207663472657	-0.8074273238514124	-0.2679372906558285	-0.15982953417323886	0.16467934832201153	0.043552095906742375	
1056|0	-0.12707393560546348	-1.009038520802559	0.10370889238691999	-0.013811438428301431	-0.2571081389740769	1.284162477202821	-0.3410171422754268	-0.8156837096551811	-0.18059010089998598	-0.8248549611040888	
2602|0	-0.8055919997141001	-0.25666089625527827	0.11193393587415228	0.26027427301680445	-0.2661515637769151	-0.3300523007936698	-0.4226764029600859	-0.055026579632633056	-0.4549152120879566	0.1303184279439402	
2102|0	-0.07231053205448541	-0.02501806040186687	0.2993033017226017	1.0700643907906646	-0.3932174292383215	-0.17343212733261584	0.19582810445719254	-0.22221897086808048	0.34191789484948326	0.3529621071219421	
2381|0	-0.49013991772658166	-0.7814317186034925	0.019133215074095065	-0.6772854688384583	0.10259226625390964	-0.38040779646803435	0.3187664674631193	-0.1524261306744459	-0.3081761485766882	0.1763207123275877	
4704|0	-0.6515422213675794	-0.04382730542021119	-0.18760702539178464	0.8817028443228477	-0.2961241420902605	-0.06829673012378551	-0.6189299709231998	-0.17867992335567132	0.046517060228171515	-0.09428440449137575	
787|0	-1.2175822145174773	0.8266127715126649	0.7436686254753856	-0.7283017385016797	0.494651091631548	0.5646236744434083	-0.006017393202149799	0.23623503433042128	-0.3536739667359536	0.24710078000195226	
773|0	-0.730284620676881	0.24850557906344498	0.12615051622980894	0.6952523638067449	0.2069543837375914	-0.5719954082640388	-0.20808896007945604	-0.0050896527353083455	-0.29345709898600686	-0.09402260499241744	
1978|0	-0.8336105763612007	0.06460940634367585	-0.39856044060771734	0.7462401336304981	-0.014261423663893073	0.22764062343420424	-0.36656945406807107	0.7350034367397529	-0.317924333933686	0.43740992479682944	
1871|0	-1.4086597940763035	0.7751919311513163	0.46776862462167934	-0.10563441526667733	-0.49791030991489343	-0.4217403864365028	0.04839493942020404	-0.24722155693878448	0.03275706140824048	0.02370022508953012	
4630|0	-0.9359809510517152	0.47164238075066517	0.3143995815878177	0.7204046617692275	0.40959223073596573	-0.44085993963008535	-0.2597228205146617	0.5749678890307877	-0.36782994806529856	0.10655398936524853	
4532|0	-0.2794104524830962	-1.318898541398682	-0.5812091144244772	0.2969087559870484	0.012648803851366923	-0.22365441617509144	-0.3027802617668586	-0.38606238167952656	-0.053878834177574636	-0.10638825869937057	
1530|0	-0.4717617116731651	0.12604946697249525	1.0253183565665982	0.5147582570553925	0.33476057878215004	0.19762002704898132	-0.9497573870235424	0.08663312136189219	0.31667018335575325	0.5464795565088577	
3859|0	0.38134547808383223	-0.5501854428805241	0.6223314511507584	-0.4069737092722189	-0.4632837874101025	-0.47375130244078795	0.07754099685565595	-0.26283652345847275	-0.6440281498300069	-0.20801139119588102	
3374|0	-1.15578596155781	2.14036723008355	0.88691146141937	1.6743012421639012	1.0713911748508491	0.6046439566602425	0.9141867132454796	1.8056908775013207	-0.7469367273343921	-0.22239703389489188	
1851|0	-0.26026293402694983	-0.3739523654785813	-0.20543799909804317	1.1553264441247473	0.1533170888114248	-0.6030123392187	0.32351760154519055	0.4036893518402699	-0.24503215683027504	-0.15418065492609984	
4592|0	0.22473402959675529	-0.22794472317779868	-0.24743992441368184	0.42411072160086316	2.256643176592089	1.1770957445296781	-0.36758061843406176	-0.6977301708744521	-0.3801590047857722	-0.8099347603701977	
4565|0	-0.7263222517072055	-0.48845948939536704	0.40563234622037536	-0.3586409979754543	1.009688402920347	0.17432941761323814	0.7404557215223896	-0.2781660670972585	-0.29500733916233074	-0.11758200531792032	
1968|0	-1.0289310752737957	1.0299737870909316	-0.08892330359735694	1.2069768394269105	0.04740031643035153	-0.4812338938159178	-0.2341291647848957	-0.33822421116028945	-0.16501139370986148	0.01178198657830823	
1742|0	-0.8050457609679413	1.7872000010404934	-0.5387390350526505	0.8453074724098631	-0.3712338387950516	1.0129830198608067	-0.7734743440274473	0.03343379546450297	0.2605086506911358	-0.30379505044705024	
749|0	-0.9977255476092817	-0.7508341196229609	0.03580734445593034	-0.44028059085704924	0.013514413477662785	-0.273240649378009	0.48261448225178466	0.04124574248876161	-0.1231687637298745	-0.3023481809896081	
2887|0	-0.829881734679795	0.25608955186411864	0.047604662234090524	0.2731192687798594	0.3701512607676272	-0.2588093364287003	-0.43215458366633897	-0.39784259715061515	-0.19443526616081278	-0.527103620867798	
5195|0	0.1549368978191705	-0.458769642765327	-1.3121720160009587	0.2165612625444462	0.13255964586523974	0.02295839589406903	-0.20225598015959625	0.2103370305726053	0.9420585409437612	-0.07633278649545348	
2675|0	-0.3616618797121227	-0.22638068712151432	0.888315845745108	-0.07756375841416221	-0.21625879524796363	0.6804231937952052	-0.25110246046751417	-0.4420570109228493	-0.11133681710222176	-0.19711966649855203	
810|0	1.793085933358719	1.6498186959710457	-1.554994478842997	2.4071525464922336	1.0663957118928915	-0.002059860872285553	0.2869540358140816	-1.5645323268590436	0.12181301552433174	-0.6717354311092755	
4438|0	-0.4967617591473115	0.33970690773576345	-1.0118237600555307	0.9001860110136616	-0.05241049828801627	-0.6920396382231363	0.1341412867384664	0.24101262772720455	-0.47523267553478127	0.03741688032844459	
3138|0	-0.9953199621987449	-0.2560882349569438	0.9486588298343681	-0.028304944975955065	0.4520352736232085	0.5028611304214021	-0.33513353245321714	-0.3090039015765188	-0.072299973784063	-0.8918683090992907	
3879|0	-1.097984994176424	0.22395112885072635	0.19706403367965708	-0.023599581594390583	-0.0932699044039491	-0.386619120472179	-0.43858719330262974	-0.3255374718727858	-0.25594250454269435	-0.03230277208272402	
1171|0	-0.41090189174593994	-0.29548814773851784	0.042739837006244535	0.5229586836619295	-0.11998000122030489	-0.8663071184536368	-0.08092389837179784	0.3048046166221724	0.31027744169248056	0.1368021853620322	
4560|0	-0.07146898866012752	-0.1035501477824908	-0.3827290263857936	0.7718309502147358	0.7766310571910031	-0.8511024897302183	-0.09958297078941569	-0.28722184243934806	0.1156812631101224	-0.026286137160467918	
5125|0	0.20677084099540113	0.6181433773882993	-0.3990400805961706	-0.9383763330509397	-2.2157154487178383	2.141448705816003	-1.1959555987945492	-0.251387656331123	0.3595766062028769	-0.47025775108230905	
1900|0	-1.100155249474878	-0.6432853586673982	-0.47414274607660595	0.22156311048693117	0.25680993431681737	0.25948066671974784	0.10374103606142243	0.44578363309135655	-0.642906021848039	-0.7331868205678285	
2454|0	-0.5727885786582754	-0.39984342973919096	0.7326252598044184	-0.20509992851114392	-0.017577551330032894	-0.6221249242247631	0.08627885801246934	-0.47614578597169327	1.029822763514715	-0.8522690310624421	
1696|0	-0.5111652231237793	-0.9099043554098251	-0.08961404632473402	0.3223825337874514	0.32898110469748637	-0.20324698513626233	0.2965652405410013	0.5002608797016823	0.0061889136461956516	-0.13913950177046638	
1877|0	-1.63481325562488	1.2174046261956848	-0.7504609087192798	-0.2887336854011963	0.5934802752558787	1.6509490848376236	0.44543937202527495	0.4590491164860432	-0.582594385114668	-1.26263983538568	
3717|0	-0.5122032423388828	0.1865215909491641	-0.5214172384074339	0.40618548699058693	0.5559869175683784	-0.3914527681897234	-0.1166215969842193	0.12649686442404864	0.5194116762255426	0.05731110907131551	
2411|0	-0.7252589095002826	-0.2908224191697655	-2.039977626273631	-1.1215461696569131	-0.15760809401038584	-0.4075145435410353	0.5711317964223819	0.2857261368810139	-0.672437643152773	0.17550355853293187	
1083|0	-0.8947374009129514	-1.0700159126921327	0.9086012208793466	-0.16249771302797011	0.4532707384971431	0.4415772357983084	0.46262824841656114	0.1446605701632418	0.6287041948504902	-0.2994322416929085	
3509|0	-0.5587861532049728	-0.2590480027399787	0.36578835398806486	-0.5469774800934576	0.7440974957301242	-0.646243087534908	0.4056547994931201	0.20679858480531585	0.27025530360433075	0.715931438777951	
4414|0	-1.3491190882991493	-0.21309405676104726	-1.1461853507306234	-0.4129428441060384	-0.3507911513190148	-0.0836276524884295	0.2577486604787922	0.22909071587209048	-0.623390522044911	-0.4339452099296427	
3202|0	-1.4248359629870948	-0.35517497681604626	0.8527830450672608	-0.09291509073052932	0.19253626185864667	0.10667963963666863	0.7191381938478676	0.9030053676860849	-0.36859134566071794	-0.49963652024055805	
3089|0	0.07730047771877553	-0.961734505826231	0.4154219459537003	-0.23502501965548583	-0.2243964401263186	-0.4394012612451063	0.16668773065562711	-0.43759099420210706	-0.23444383053668552	0.4452345852125775	
5230|0	-0.780595926093096	0.3431125217857161	1.0614401572101293	0.039785073682169395	-0.536637872699451	0.6195832524253805	-0.5930074333119684	0.7517899767246703	-0.023547610527828118	-0.03321065207091904	
1372|0	-1.162537912610875	-0.01525158783036294	0.348620832007875	-0.015483007486427525	-0.6365521188541724	-0.12746299935985472	-0.2871741039945371	0.19347970123260286	-0.08385930946867545	-0.0662060688929724	
2731|0	-0.7481913780145605	-0.49690556216274784	0.3134988962411859	-0.6788175872868106	-0.37422823212943995	0.16475266519737236	-0.35951364173675515	-0.8687108466727036	0.2552354611121802	0.5705161763740244	
3730|0	-0.9756709194084817	0.6090614786342463	-0.3482558524883395	0.5709320464993097	0.46496434306670864	-0.5012903536897984	-0.08828091034975032	0.03515707019673142	-0.07642495821658275	0.43639326010555707	
2097|0	0.008400870008208211	-1.6451787110213099	0.09914856030251065	-0.08393157427218674	0.31461314109295574	-0.13815109326991806	0.5819844480492259	-0.6079614376937721	-0.13260671131273097	0.09344071605214409	
2203|0	-0.6121559579867691	-0.13365369031500163	-0.3300621853864361	0.3807238250038815	-0.4496247463181744	-0.6184701469087021	-0.10663358497771484	-0.24408138363414783	-0.19371023376812438	-0.27779003745502207	
2408|0	-1.266482158131962	0.32226987551016684	1.046201527940283	-0.316055374947611	0.44327321592971874	0.061037008563034206	-0.019382805867607007	0.05364235213095729	-0.4962723711038129	-0.0687100204278189	
3856|0	-0.16433520058342294	-0.972658344226431	0.1809079118441043	-0.149640183573152	0.25782382929655473	0.399515687079028	0.21233006201354365	-1.0348049001668056	0.12148932526309504	-0.2285013802724255	
2834|0	-0.42955444678037324	0.3285583661450121	0.07996282211133403	-0.6324749876151065	0.4578613743459574	-0.6943672118965566	-0.19603938347002076	-0.2852703046224294	0.7422604523044694	0.44252636368190196	
826|0	-0.7405040842908795	-0.5144982629287016	0.16439735956365348	-0.1484746189604262	-0.685048162261867	-0.8594978572852372	0.6092574732558661	-0.45266805492306156	0.056609491448793584	-0.018763003625743443	
3926|0	1.7654365784083834	-0.34506156246901215	-0.08992135635573056	0.1077858875781291	0.03801231096404524	0.25242728424693806	0.7560138594189141	-0.07307088806698699	-0.05819461937578307	1.035616474062846	
2173|0	-0.9151706500445427	0.43135043022471464	-0.673214858525445	-0.19692805462949187	-0.1620023067139032	0.20034443289608697	-0.7988737118954577	-0.11721884851697958	0.723181703191773	0.4999331300408179	
3653|0	-0.870564793276599	-0.2885289226262401	0.5702392930990922	0.5814006021074903	-0.1936175849049371	-0.1765294903931865	-0.2865382582544964	0.4398977052200112	0.09483505900443163	-0.1752917710824645	
3801|0	-0.34679485063601106	-1.1047062129079885	0.22907835499919887	0.40109589492918507	0.3390808688863932	0.08905006937079638	-0.5405017128945073	-0.4579587846554068	-0.6013632157779322	-0.01626719049631221	
1324|0	-0.7348771999020765	-0.3572861721961	-0.19977121221042288	0.7232418053172288	0.263187992747027	0.2651761378774445	-0.32789374902008656	0.13223459197717144	0.23154996741153125	-0.42061953831980625	
5098|0	-0.7093194279962841	-0.5207760051645638	0.12761474865837125	0.23010978087879955	-0.41616165648524506	-0.8618024452838481	0.412042613940751	0.24338704585837995	-0.21465010478172833	0.17625460741814405	
2045|0	-1.6920546589363796	0.6421199892618887	0.13606535700083455	-0.43801077611508715	1.2964549896326762	0.5380971884096214	-0.4014522636440717	0.1927005389785119	-0.7202201245740923	0.11743439308232999	
2661|0	-0.4265200321007429	-0.4273767751290769	-0.06536349874130319	0.44093341040191775	-0.43741425743967516	-0.3641746945580111	0.0024288206171420735	-0.0050947941481099025	0.25057032857551925	-0.28745884982751924	
1520|0	-0.5780918642789589	-0.37073399472838775	1.9580055982305877	-0.92827025946558	-0.348479752529508	0.2648174794875555	-0.44693482595869966	0.13637257065200925	0.001105049943414605	0.12339302724363625	
1027|0	1.368180941403215	-1.529139143981934	0.989354307013721	0.963528306842197	0.6261470844301619	0.8614613310491769	0.7553704546905311	-0.7780527648085183	-0.1899868254286076	-0.07898139557939264	
1801|0	-1.1201054601396223	0.39975001967240975	0.5064495540553338	0.62430539236051	0.608147815726649	-0.6531726181035267	-0.09085871014256618	0.3157349969589713	0.1537370380238586	0.06494227843038991	
1414|0	-1.1273899772136777	1.1460669986809002	-0.4642794941840589	0.37924051187583985	-0.06856912222480518	-0.31756108311743464	-0.7688483039941825	-0.37800962424578083	0.0864777610914168	0.1081293990741715	
1659|0	-0.3061379545689136	-0.2846692097147057	0.5365102574153539	1.8286804917433042	0.40254379037569343	0.11821057710902136	-0.03755576196107478	0.04407904636917958	0.03114396469002494	-1.0889485779155577	
3995|0	-1.110029007548139	-0.6427982819543503	1.2018993412588228	-0.28286373769639783	0.5271348347668927	0.04267409162592031	0.1601157130837133	-0.22240207594361344	-0.3344267836538297	0.22555900213278626	
3789|0	-0.9895052320863273	1.2316025621389122	0.9375151507847036	-1.286698481014352	0.6037616970693732	0.4877097595561616	0.7241265776032253	0.35298785475982547	0.8079607428818503	0.15189710685825555	
2481|0	0.20355465884782845	-0.24017911234049755	2.654703864732658	-2.22110166129197	0.6792361478852003	0.4696259416400892	1.8929585221355263	-0.45899171011488	0.7092598766635495	1.2951662029506008	
1767|0	-0.19612631246706858	0.3526580572805885	-0.23957076677015515	0.9291023290738074	-0.5907471481973665	-0.6212733419456261	0.015190847408511409	0.4661911343681715	0.0723967595520361	-0.32031271772586223	
1698|0	-0.10749189256551517	-0.9652340860744084	-0.27200801359501936	-0.08157413031790284	-0.284307557023282	-0.06571773671028941	-0.3542472368737065	-0.38732075300683266	0.3604384924417945	-0.3854641678206522	
1669|0	-0.2546082737412199	0.4653262112742945	-0.7014234097493969	0.8193711982912338	0.8542227703335973	-0.39851777438788244	0.7304997113116625	-0.018510939686721326	0.6176274507687927	0.06622248617693334	
2861|0	-0.8496818313615888	-0.49833135764336806	0.5172280815450085	-0.38871187431963483	-0.06487208852435664	-0.11927707755203615	-0.295470136726523	-0.24839985519132954	-0.10949352133899345	0.16523227380770544	
1396|0	-1.4591767781739986	0.694936299200911	-0.9016842538412954	0.438749463881199	0.1792810012125782	-0.007653191738362801	0.4537291128360637	0.07725425366669272	0.0409239684582276	0.1618796044430148	
4787|0	-0.8541048546550981	0.2775402418145009	0.2681292576742835	0.4123993740807878	0.2275423601374114	-0.5425620192834285	-0.5509110444499129	-0.08283198966333295	-0.1771079285889862	0.42806730743078325	
4624|0	-0.5424555138195897	0.0250598882597809	-0.07474585698417184	0.39181413047930197	-0.49860753165093524	0.20605873079736314	1.2356632704469768	0.8474615407074788	0.20185367850706937	-1.0924880430207973	
2530|0	-0.5332587300543686	-0.7027453552053239	1.1599415804677788	-0.16711427764906517	0.5867573806179006	-0.10337468932399148	0.14710626391346662	0.4210458556073514	-0.2779649831040775	-0.17550017289440523	
2723|0	0.4461564544282855	-2.150664705856109	0.47921074869022356	0.454320429448413	0.4288400341411468	0.024673598007046944	0.4255600479146677	-0.8964378829988201	-0.5319993243049441	-0.08162595747161659	
880|0	0.24982886041333632	-1.4656048021191677	0.5703554125441677	0.2861162584633304	0.3630853376601928	-0.02112272449799465	0.18294708629083	-0.12465190191458783	-0.5377306992384645	0.2479341624961399	
1197|0	-0.6919215165254116	0.05067487680826444	-0.2556560787198978	-0.07814734300861906	0.0015944074017636759	-0.8625108291948481	-0.04849388198635888	0.0008653211918276499	0.027720541051916923	0.029610051455456983	
1596|0	-0.5446347233844331	0.385395105908293	1.6083912307621628	-0.7770096955597197	-0.10689466643293194	-0.12522502919214867	0.12929084325707613	-0.9963878222651745	-0.13783919851928295	-0.7256888694831672	
3444|0	-0.6891553727233221	-0.41134273237853114	0.12625858342584176	0.32920752795431213	1.0725865768276028	0.946823227782082	0.41713954101806533	0.09802431085928734	-0.6969530744722564	-0.3439316189047377	
762|0	-0.8318597847992204	-0.7532134639855905	0.618171788828651	1.6995494527910293	1.9958145134343084	0.6862831807478064	0.28418994885120985	-0.6308174498187115	-0.2980163249402223	-0.9044372096791266	
4330|0	-0.11519956240666275	-0.4877398164899393	-0.029958213223499227	-0.8512601322123114	0.5394576937377806	-0.13808851258742996	-0.2816121568081858	0.18524573322096177	-0.1335942240789163	0.593365793163095	
434|1	0.06644109420310597	-0.13637513833050827	0.371546550787456	-0.14667185544407438	-0.8584277145546544	-0.05576074727710746	-0.03929467545896832	-0.2569387247409992	0.07116792837526205	-0.5020660488434034	
11|1	2.62447344719809	0.4409679358366304	0.07188019263393686	-0.9153617797290919	0.4498014510667576	-0.4723181819149711	-0.3836711358115216	0.03130015298699694	-0.07320647067337017	-0.4484103481010139	
247|1	2.0020929645408203	0.8197273194208047	0.7671996599528351	-0.6463696032612323	0.4618833195259032	-1.1315221917715959	0.46982359213092806	0.18393679572424865	0.2659137378793619	-0.0600974044457509	
351|1	-0.8175273311835345	-1.1447806657577648	-1.2412034232786	-0.21653529725105933	0.13809896606714248	-0.2128378332070086	0.4523559565274013	-0.07757797523371805	-0.3965261459351979	0.11075474463039289	
573|1	-0.3932251036701629	0.10546347005278732	-0.3326514715649669	0.03795570521541352	-0.8899511222598794	-0.24625211709458308	1.0728819418911955	-0.3681872596343736	-0.6837598122315816	-0.27030233740698284	
38|1	3.0983170118100993	0.3502201014435093	-0.19459170599177028	-0.1838139215266022	0.8971662436238388	-0.09837157038382079	-0.8249959962756048	0.08061491795224086	-0.44576092134801987	-0.1577206994087152	
285|1	0.49553839410224443	0.3386629394579673	-0.16858835864759172	0.8852937374411186	0.24637296461466965	-0.5311788457546025	-0.1096932329554849	0.3825543035906512	0.590954599057402	0.831657236143438	
28|1	-0.14542578738077586	-0.1748203043194876	-0.38540642222703897	-0.3060858776923719	-0.9219240614257872	-0.7578629076274158	0.5023344011552736	0.0961673875845956	-0.5119209594493295	0.06619549928265746	
718|1	2.6243679702165608	0.3274818929790458	0.11620966448298704	-1.2788487004103526	0.6984701242871902	-0.5101033026357438	-0.5239249486472957	0.3444317892650938	-0.3069757259278206	-0.3937180349474635	
698|1	2.884584895243416	0.1968172114785867	0.22990043300320614	-0.7600631611448607	0.8350395621445312	-0.12348308196779009	-0.35373155778999377	0.18800390902175967	-0.6155724119675091	-0.34328581389729496	
497|1	3.0534172377040836	-0.14183842472898206	0.9496613172194553	0.4094197807335322	1.1039430901757228	0.32240030837907313	0.10341665076026103	-0.16266351318015074	-0.8428452652162716	-0.3176681462495199	
97|1	1.3020508374075819	-0.9061705183077541	-0.5994957085685048	0.02167512599889749	0.9911635681506905	-0.07645296103315277	1.005685645348922	-0.04025970851950566	0.5619186593110286	0.5661987476964955	
127|1	-0.19796948392967567	0.6927031284082883	0.3320098472091645	0.5615232020754168	-0.7993255629236243	-0.2977386526912944	-0.46859568353263936	0.6479001461007455	-0.11268798087942983	0.2743375795128891	
222|1	0.39740812933874475	0.2586586410710485	-0.05623821807745255	1.4855610538406565	-0.19292077425473345	-0.17383681798332018	-0.21556758493049324	1.2955461816514264	0.1246813428028994	0.579651985035827	
627|1	-0.6824158905941172	0.7148175876188992	-0.7014419202466696	0.23371200812764048	0.1611061636066107	0.19136629763711877	-0.33510640690371823	-0.14328238531981485	0.050359529748788955	0.7801461492147082	
361|1	-1.1790034176586377	1.6680567620170854	0.8605359949023601	-1.4436001217716483	0.5865113715362218	1.2900803573064297	0.49632120315301453	-0.1024100552128006	0.39995032174796297	-0.027321939441424064	
201|1	-0.2485182863055626	0.6034159256115964	0.1527472403343413	0.22337565299122594	-1.5504926628443534	0.6880998667423653	-0.662770830959693	0.18158968987174834	-0.47445777331941147	0.1718952161224814	
679|1	-0.5352018509673139	0.5580997579155519	0.7034312829921812	0.13723611538933658	-0.609904061922789	-0.3415509360712894	-1.1866446147514529	-0.2807227704309591	-0.27362292892494505	0.04013562087590356	
409|1	2.471631955506829	0.7324885880179716	0.308699026478171	-1.6961996392993348	0.8114050907577406	-0.5058745130663227	-0.06330955229633975	0.33812041808174853	-0.006139571269838774	-0.5473869484524825	
629|1	-1.2034663232465148	3.5702700050039837	-0.29914962264877853	0.2443318046504806	0.4685863053865648	0.07142404938478529	0.9710451141116376	-1.5973871915563214	-0.393052296072124	0.6542080034019264	
568|1	-1.0277905084834744	-0.9176773862422328	1.3135247637288285	-0.4145516398926979	0.019640720591858833	0.2813988905357127	0.386743466494659	-0.4938979764356881	-0.18700704612631103	-0.3812765967590891	
643|1	2.9766242993127774	-0.6465929045084672	-0.4317454746135239	0.22708025178721417	0.2501171692290972	-0.05409528088614591	0.4292212282813926	-0.6784258013010648	-0.3155962881669469	0.19943115705769046	
107|1	1.1366682579957925	-0.5546249359797074	0.11078199104547291	1.4098962943288984	0.3243430032346051	-0.1691159524232992	0.4663967272865294	0.3124157746508913	0.5144986175045309	0.02769487901583002	
100|1	-1.0187273014814597	-0.3411098008720431	-0.005729119326277736	-0.2533995571931006	-0.45035266375522176	0.32123125464667723	-0.5886898593323762	0.05963740100191737	-0.04315507964711448	-0.30567596284064946	
408|1	1.044623360706558	0.1516016850189048	-0.2972615705018525	0.8588209308397368	-0.2742421302193954	-0.742373709787812	1.1201558679175205	-0.17825573572742878	0.29236348156778935	0.22361802383357454	
478|1	0.4615183579289308	-0.20741275589676939	-0.3298230477939927	0.5354295162253032	-0.412184586935714	-0.8131481499843508	0.8524263007700039	-0.02910992164649303	-0.25357514068496223	-0.40846205216541576	
402|1	-0.1552731765010112	0.7591492909934558	-0.5935518263617864	-0.3154762900570153	-0.9541637628170275	0.6609267531713904	-0.5128821247275387	0.38328880598405246	0.08730777647863566	0.05243286960691583	
215|1	-0.8420663572219348	1.2972397833325837	-0.7441457008761038	1.5655303949232688	0.30604981107832646	-0.4732881543313768	0.8224002723624663	-0.105242428813853	0.523395293203855	-0.1052481932138378	
177|1	-1.1355583954010664	-0.5322170439299485	1.2426994120728008	1.3538614161469993	0.5713928455588833	-0.37608865599341784	0.7400954803860139	0.6710705231057801	1.3621235266446814	-0.05626195820893762	
559|1	-0.9332000636560112	0.06709506935654938	-0.06451677188255249	-0.00705082136664001	0.20478453552178424	-0.26212602992373224	-0.6326607814663743	-0.21200587504704885	-0.13306981406728166	-0.017491832423043908	
71|1	1.4276360213210029	0.14949855151730182	-0.5088777742767933	0.5433585232484509	-1.1746630940019829	0.8291946802764965	0.8685087852414274	-0.05330572957797332	0.1909848924458309	-1.0632725457325207	
70|1	2.8534627276481452	0.5930625893544063	1.1866321164532232	0.5954779496183821	0.548515437519328	-0.22040951434023562	-0.5302689379656282	0.41876105780796086	-0.4778926986659486	0.02249936403000435	
468|1	2.897858830692703	0.4257136666097099	0.3152807726858538	-0.6900422464611037	0.6684046648718123	-0.10625187911834892	-0.42224975565656764	0.0469920436423447	-0.35539288378116574	-0.17140439122508175	
69|1	-1.391615499842041	-0.60423106186685	-1.1856788258473046	-0.7932273979667228	-0.2176055779631238	-0.34299045039205944	0.3839496489399213	-0.12752384011481238	-0.1805704129982025	-0.04937721028742961	
686|1	1.3819847876232298	0.41550333567567177	-0.008943826878724562	0.18304675907767656	-0.8468427717418063	0.12688228735695684	-0.3931675687345281	-0.4460682741028443	0.08221912516679271	0.11943192253889871	
131|1	2.227583399715205	1.202857761082173	0.7205760884961281	-0.22423599070134617	0.6318065235196326	-1.1068730987310613	-1.1918502361772634	0.3643862408339474	-0.4000478326469091	-0.18716859851081546	
33|1	-0.8213037081564754	0.8671198917267531	0.9193446415499273	0.4602637329328233	0.8399719934231249	-0.014129124708811006	-0.11919702904597639	0.7770729822381001	-1.1640796721573308	-0.4209915483417104	
190|1	0.23986760609811394	-0.37925467503886506	-1.6238743494302113	-0.42116027296383646	-0.9141214937712622	0.22834728395027148	0.09564132838030047	0.11442103901662547	-0.1517197169083758	0.10981837499629649	
74|1	1.5234642812750725	-0.30112981223881297	-0.7645861020964829	0.19627212543782305	0.44238344230025894	-0.05786003707841015	0.5945312291161392	0.3327093731604136	-0.04930401082258155	-0.5866541491900511	
259|1	2.3557452167348525	0.7719970016845246	-0.12126274269944343	-0.7495991519753411	0.3357528205832307	-0.7450878773031057	-0.6004670956201352	-0.05185436643925977	0.08482961295533778	-0.49472785913573414	
702|1	-1.0131419571141072	-0.5174139189925091	0.473169907358346	0.44026243436515683	-0.2647087908753213	-0.7101451105482651	-0.4139305180453524	0.25006865823944496	-0.151459781927686	-0.1481019881230067	
534|1	0.8672048415661472	0.4885684373107574	-0.5002430173894781	0.564084444413057	-1.2168397050970916	1.187866676693849	-0.6328571878380368	-0.10452209364308676	-0.0689852478034351	-0.37418122369553125	
521|1	-0.6423484798667908	0.9626572188210972	-0.9591428196388214	0.2644481473027092	0.15877249461400364	0.34739427774792736	-0.6022908197452762	-0.22623385761581968	0.2205758078246898	0.5874512934553564	
595|1	-0.3954258522066272	0.7811625513472698	0.24563632975186944	0.3113051086660791	-0.40136172006771026	-0.7884525684155446	-0.5373051755930118	-0.3047824091521686	0.2822560918551805	-0.13595209785571466	
582|1	-1.300107970097173	-0.2884340519774893	-0.2493991404187257	-0.1895739201069562	0.19168340180170998	0.5378223098539798	-0.42980083724411744	-0.1492252652497335	0.2164253384938578	-0.883825350685802	
622|1	2.0983892548821146	-0.38370605021100096	-0.9457414727829918	-0.3816718222341548	-0.43791056820697905	0.26341472923260906	0.14862887432203983	-0.13982953373435256	0.23269180021399025	-0.1622937707674828	
23|1	1.9103900575813735	1.0143761382878038	0.5807592998361428	-0.7605691551817262	0.204227475942362	-1.134299674574752	0.4485856005864663	-0.005295606482842409	0.4896217410985632	-0.0315460095423121	
473|1	-0.7455399626483399	-1.2645639319594906	-1.2183650661312773	-0.44749917127874805	0.023514927672351388	-0.22938284731426864	0.3790158255338798	-0.03867237729297807	-0.25775723003435985	-0.05540892232143465	
471|1	-0.07103860525996938	0.24591587623905342	0.12220998133322937	1.5872985689533674	-1.70001242906616	0.21103430112126684	-0.4713535621626983	0.8717716560488092	-0.027756856240602545	0.10993688301681995	
280|1	2.1824938990245926	-0.24504715775391323	-0.0938157256963356	0.6129075852561982	0.5500391787733291	-0.10994716612093734	0.8952364360322311	0.45644379097079796	0.375232704908043	0.09688652226638389	
147|1	1.7802934238024255	-1.1903959085841846	0.3860265954609432	0.9976630168398378	0.9489330009734505	0.6505729394779647	0.43025903291547424	-0.8281435387909801	0.7256196995625807	0.6287496998170662	
90|1	1.0115171009261645	0.3090282558093429	-0.06838191801717519	0.7904884986148886	-1.231911997473592	0.005737799919267126	-0.21126207769414226	0.44269952717947286	0.5451051479561546	0.18067608139443295	
19|1	0.2692735179614528	-0.4568043746244019	-1.9045448992991598	-0.3639672666638127	-0.6145513595689182	0.3524618452916519	-0.0936698167640433	0.06831056397570469	-0.22456974630097046	0.1264124541465672	
230|1	0.08041216735531063	-0.7574050688886592	-0.89710858373579	-0.12651668761609247	0.3268848355684082	0.46297317102548985	0.0458684224780265	-0.3583033588947242	1.0102010670776633	0.007481543937273936	
659|1	1.19261789319722	0.7293628951875599	-0.6521907099000894	-0.031012434758633523	-0.49529229480639714	1.5421822188076357	-1.3855681549668468	-0.4570126237684527	-0.34978028312440174	-0.20854762084104256	
591|1	-0.6659030615125099	-0.29510475717247353	0.5371061270289065	-0.02736836647231573	-1.0425797368538725	-0.36540077955248884	0.43032549989046515	-0.3081367624624359	0.18916604310241272	-0.33314485922734693	
653|1	-0.2577841086540792	0.6019295952352556	0.05649578434575092	1.6211403956731574	0.6508598456950007	1.0435172114039524	-0.03869041478117306	0.30501181997913174	0.419149645956911	-0.8771702700472113	
358|1	-0.8372732955030004	-0.9898534054926367	-1.79449245488136	-0.27506164062830185	-0.015597196007169637	-0.3097459423749327	0.6090567026947292	0.06551136530543272	-0.5184200421958512	0.19199093669373954	
266|1	-1.0750114660805394	1.0050194689140812	-0.7147424382213047	0.14372879430566693	0.6560144083536251	0.41912487255178094	0.16610868520226224	-0.1274767497437856	0.6499789155361523	-1.1496950397415175	
7|1	-0.7690155098004166	-0.1294227120211252	1.4939324671805365	0.7231166233434257	-0.236159234591512	0.11409695213153917	0.20037312511660432	0.5470444823190754	0.9174575394452578	0.3825881607899209	
273|1	-1.5498959349479824	0.05982538546108278	0.06793288055722915	-0.8039206790357615	0.6370502641470397	0.6189836654844273	-0.8136555377520384	-0.17087592424813733	0.5238608747299094	0.05632675997139426	
112|1	0.13144941411527755	1.1889062772180343	0.4383469921508259	0.6266072459046605	-0.01960210045140098	-0.5825445014273711	-0.22742326101504032	1.0720960608247612	0.16552899618709446	0.4369639082658817	
722|1	0.5371384671629853	-0.45147395686036745	1.0851564245478107	-0.44725163710332466	0.25250663722322075	0.12150607255793071	-0.9719783512507634	-0.1254837577192906	0.49143399034723484	0.10411115360587317	
355|1	-1.0164691016163159	1.4723767568522528	-0.08609365086305491	1.7948551777654402	-0.34714865900620634	-0.1169961117434348	1.5118286293196714	0.8438040048961488	0.4810577629048406	-0.9015135414064367	
333|1	2.205128459333832	-0.061320441325602285	-0.06691114040438771	0.7029360618312127	-0.8142357897509607	0.38349065916296543	0.22713196347637937	-0.060577603747915654	0.989558584004036	0.3728903629970071	
196|1	1.8933175305748624	-0.6166360618891266	1.144494672470167	0.14129226336423092	-0.34834625826034804	0.5629670412904779	-0.46291029712077897	-0.08753163928491871	-0.6988399303000423	0.41627251249383485	
25|1	2.9782326600454754	0.309496322039403	0.3017815436067053	0.7740184962479966	-0.43650323827659504	-0.2715648490339994	1.6073625278122103	-1.5921632554307041	0.48519314357920135	-1.0058926990821884	
492|1	-0.4767111303257693	-0.024242775172757264	0.19304321569670788	-0.4297204142192295	0.8020951761919242	-0.19551468629278487	-0.4175083563129802	0.38940588427388784	0.7173205246454522	0.7730858219105496	
66|1	2.5290536309236793	0.7325768668502288	-0.02412598696753248	-0.35487935168064555	-0.25713755783248005	-0.43033972171210316	-0.5143451378960516	-0.5142080377264105	0.20739406581895367	-0.43495580122210686	
64|1	2.5577121245060446	0.34260007911427565	0.16204603136607543	-1.3443160157982774	0.7114469432861489	-0.5311614106545751	-0.5904830920114824	0.34068548917769853	-0.43368619111729423	-0.3580247176407194	
41|1	0.5474446217099477	0.621392945650789	0.15305524765264875	0.7875529359489496	-1.5437570140030108	0.2769573372794271	-0.28182632660352097	0.3214102995183171	0.5235331127002062	0.26031847528561325	
115|1	-1.2136316217056597	1.892541429919872	1.8359722339127205	-0.30865447483891956	-0.013908513321627498	1.2790055880618791	0.6625926641607585	0.41408981381902216	0.4700482980769313	0.19045500377785476	
387|1	0.17970020490471242	0.012919619231483903	-2.3165003410278837	-1.4137464692650408	-0.1961942040607136	0.6006869475271964	-0.3956726632925368	0.28319213065910503	-0.13026853864990484	-0.4412946445984085	
94|1	1.8135716843437861	-0.7064207532127957	0.054512350760428145	-0.002714283444900346	0.35801913819328873	-0.1670429402140977	0.4713011581963906	0.5801463839308577	-0.9415046940580547	0.46144442542582176	
526|1	2.321901708700522	1.541329732473031	0.7568210731373713	0.706245052231276	0.7177738619274091	-0.543176964073448	-0.9775410002899482	0.08560370759851389	-0.4006750955293768	-0.3155408290747454	
364|1	-0.3875951725791695	-0.6747214927124362	-0.9741841707509852	-0.15977883003215743	-0.3432923793830179	-0.2740791861059895	0.6486991899354284	0.12068218167616061	-0.6832873529071756	0.29523212256106174	
735|1	0.36744172112542417	-0.6247906312045103	-1.0966990854813323	-0.7484367035760187	-0.06405037344798534	0.14650670163741283	0.45824012399955166	0.3544864427603643	-0.29118678987431096	-0.19250588072223082	
67|1	3.486955691870175	-0.8096008254946792	0.2398750349086223	1.3044343377906518	0.34787369811991325	0.8207139750262653	0.1277760021972432	0.3194522964172621	-0.28742836727497467	1.0161687545148106	
565|1	-0.9413974328692062	0.2087345242401086	0.6208424889100261	-0.3485890335997525	0.5172861112929915	-0.11167561548023726	-1.0592403272819024	-0.3640889670560578	0.4661722884118346	0.3308153227644946	
649|1	0.10885860148861884	0.1536099020674919	-1.096471991424686	-0.18146523546151463	0.6427177493847878	0.17300454084724873	-0.08720376099245757	0.18902515063486544	-0.46122901389044807	-0.0725133591251187	
435|1	-1.4362211694036604	2.4669831684178027	0.11275719491041035	-0.4303461308659491	0.6660769090568132	1.609998175556607	0.07417268563303368	-0.24747923434925967	-0.8888726090825299	-0.4270699720190446	
214|1	-0.319943864364613	-0.5192221048249053	-0.11851272922822362	-1.2733974016862109	1.1270113617634259	-0.22298948723861245	-0.4792490936338297	0.2198931417941851	0.5627431554356477	0.4924997410701341	
664|1	0.904573518356736	-0.8260895750488366	1.0875537533051853	-0.8795346801154307	-0.2939999645677066	0.4414894995459699	1.247718097815384	-0.18294386328051293	-0.05523884014292589	-0.36842276363316173	
82|1	-0.474059718342406	-0.38372087123873105	0.07202601905570725	-0.0309730816973959	0.4632564056171827	-0.5110253210915382	-0.3356936032781733	-0.16110451622262312	1.0395167140275097	0.2817604855020392	
688|1	0.5877478499055883	-0.04917581174393218	0.35798234952925767	0.25996456917468436	0.5779181894326387	-0.5287079922426557	-0.32832554686636406	0.6638112106645708	0.44384240927175295	0.6640438757443685	
331|1	0.06434492418196729	0.7831978228790332	-0.9866881398721635	-0.9149462891002497	-0.8375809155036269	0.32664958579722575	-0.48341169814763907	0.24713060249659746	0.2858932621544242	-0.0177430807539852	
561|1	-0.43406179581554394	-0.3354517339789229	-1.0826168328697305	1.0064020112764587	1.1470637740742338	0.17811196721347367	0.43092406785461035	-0.13922713502744105	0.3753727328048449	-0.4726297913405432	
460|1	-0.7782630254856042	-0.47666533015645907	0.26221722554040783	0.012790097066467974	0.17281428354895756	-0.5447782191190611	0.7062031174537056	0.31228620044472505	-0.01677631641105122	0.11875053660710848	
306|1	2.2916264791831478	0.8373698175726654	-0.19089181111784065	-0.7521789191474159	0.07604876042424129	-0.8183066024038118	-0.507529336752046	-0.18760043477111646	0.3195148568402377	-0.6247720264484008	
298|1	3.1034268850224347	0.14186901755870926	0.2840304541244117	-0.716055529574324	0.6554363237403406	-0.22836155243351508	-0.4843301033762604	0.18869044857665312	-0.36032255879500363	-0.22706396696337305	
264|1	1.4536242152008712	-0.362076439842708	1.148104213905827	0.5129038535074021	-1.7584161668795404	1.394875192460257	-0.37413560080762115	0.1346549317549945	-0.5697956848024972	0.6887416395717164	
207|1	-1.5955065715438785	3.3891003922919367	-0.501549508736128	0.5917426555376702	0.7168126937242714	0.01838184616120983	1.572546502822616	-1.4421711840566729	-0.49301662674051117	1.1395159261161045	
160|1	1.0563702238050992	-0.23983312519026118	-0.46822060020082135	0.7864588051118085	-1.445251292009331	0.015194897132112606	1.5690407928331696	-0.05882666050467229	-0.023165609864826117	-0.47416956894128665	
687|1	1.74552757453714	1.8896555139837283	1.6289330121055436	-1.6993744271910853	-0.715308859280737	-0.9094680196487721	1.0598294784802105	-0.9432762798399725	0.6340252874605856	-0.3660094677190146	
589|1	1.894609509920275	1.332484195966927	-0.06402328794090867	0.043297895312675506	-0.7924663927787348	-1.562452463819942	0.1503261936973308	-0.7029262623732749	0.9776359665461928	-1.0127116701353294	
282|1	-0.27407022476685583	-1.6489648454921537	0.8707534521630798	0.47315218558121	0.35065654550218384	-0.07135700873217454	0.6199796478271686	-0.4773914582561833	-0.23366875577951324	0.4068543021730116	
572|1	-0.5836916443404677	0.8689046713467427	-0.09248490635115378	0.18294878277933743	0.08741081376897636	0.6512543913656004	-0.1108973974955916	-0.5015294110461956	0.2605945325659962	0.14888582740379921	
269|1	-0.6015898405504414	0.14899714706109218	0.4396217701685211	-0.26677332559060335	-0.2771984751531221	-0.027875473538708548	-0.9570499848136396	-0.3331765471313931	0.16950327356343045	0.5618710855654778	
384|1	-0.9907014467261313	-0.6140838734733777	0.12878644118085558	-1.098807160046806	0.20229767524213008	0.20256203749860005	-0.5096178951103436	-0.2765326647725618	0.8610671776536474	0.20720128753088757	
243|1	-0.6206789898445902	-0.8355369487475561	-0.048875517321936165	0.2585434734825534	-0.5643778374522609	-0.7098189276822502	-0.3212136679931785	-0.12304393871162696	-0.20710806057063713	0.048350831830565585	
261|1	-1.8246700757338485	0.5971765759540906	-0.12182433128956772	0.388194306509607	0.14742089097857694	-0.2412306304426449	0.2055878326505678	0.25132556567475917	-0.35833111318808	-0.048604534344039406	
574|1	1.6321044334876893	1.6288005834398847	1.2745867024613002	-1.2984655222311543	-0.5464273084177467	-1.432094147487424	1.3898172151470087	-0.80290894312825	0.7935740101308064	-0.8627131091370223	
197|1	1.169460826091769	-0.5382687634193908	-0.843732456751366	-0.2262232578253096	0.19225846758753026	-0.10286186923562633	-0.11603671775353022	-0.1183961163581282	0.4612521590142521	0.7014847810083309	
283|1	1.505925363435477	0.7530433710801535	0.5846652687276866	1.4177371262775804	-1.280687154476326	0.7310426081355791	-0.9912343591970463	-0.31143970333642534	-0.647427787957625	0.34763176660559836	
58|1	-1.303124028088646	-0.3548632303001035	-1.6423917786251205	-0.8627344226418956	-0.3635068282132809	-0.24189020916043863	0.7101241774357381	-0.04473853684334068	-0.5838402568336994	0.11870463681602063	
617|1	-1.0766459804002457	0.4504263736830027	0.21430542072932082	0.18739953714800672	0.5097647877268612	0.4388695172687044	-0.5416757232050363	0.3320528604988424	0.3845338328748586	-0.1863030939994735	
133|1	0.16052049844280156	-0.6524182386275592	-0.4186182835352377	0.2380151559407324	0.7821185914965039	0.4079581397500528	0.04646958980810414	-0.2521037770252504	0.6015470822036337	0.14934482512571334	
232|1	0.03167980951754253	0.868850176088233	-1.1453345501090013	1.2306656443425594	-0.492678979746305	-0.39647468400313557	0.22775206020755095	-0.3152232933962671	0.14053683903443506	0.6363932573639319	
173|1	-1.1437191242463598	-0.00917229786428183	-0.8799106565411755	0.31871090697652366	0.21518761461502225	0.1253751808103321	0.22405655251720563	-0.12853195607088164	0.15597576891720133	-0.48910073765482975	
723|1	0.3842214460249267	0.24775208837611368	-1.9084845667663501	0.77088716620529	1.1156670061832181	-0.2767979339872403	0.25968519064394424	0.07818892585806204	-0.513847796872972	-0.21773129279710304	
407|1	1.1666363190241644	-0.049268803890699965	-0.5034092800309297	-1.4814226480098458	-0.777412535818446	0.5811370891943679	0.23691353220330894	-0.07252883572854739	0.004379827950642672	-0.21108777527887818	
321|1	-0.37636446041230326	0.9787317986448362	-1.8857267146019518	0.6134001979403896	0.6318026868033206	-0.18996299841264727	0.10687017119070753	0.10674933244439622	0.5917869239031476	0.055301453720023895	
705|1	2.5986903107019304	0.9902955448379537	0.43977204960185906	-0.419889314120562	-1.1692677083455254	0.6680819197561586	-1.43651296358226	-0.9517474930066356	-0.05976067326651329	-0.05811364370441575	
114|1	-0.5515363052241476	0.7625797241714378	-0.9125219576848778	0.1528796254314726	0.07978558508143901	0.2833881352048761	-0.4998270755993595	-0.026126161496479346	0.6114413430398584	0.6710843085361795	
550|1	1.0204417340125396	-0.06690286246319396	-0.46930282287156877	1.2961500650071538	-0.804997364224305	0.29961058646774036	0.5942950897720163	0.6345469017728409	0.04092147828285935	-0.03135799197750795	
676|1	1.0836592052758693	0.12338105936097508	0.10558419685461629	0.46892800047221195	-1.9102777555716837	0.5110942171906667	0.19943132848473397	0.04682363025382276	0.4273098791369928	-0.15420165357275017	
92|1	0.5437482898506933	-0.43342145983427127	-0.05032373256144794	0.3906287936008644	-0.12556459648172244	-0.042715242819625236	0.38373359269222823	-0.13614338359626924	0.752992185681633	-0.6753388505502644	
357|1	0.648472850325982	0.2475767852645723	-0.5886704843537689	-0.9594815181867729	-0.4802130278142255	-0.003018236084855246	0.26309772175301355	0.6126673778585026	0.5627604839740205	0.5250579250093648	
132|1	-0.15179094250545622	0.4633609903538049	0.662916910507466	0.21081896935516867	-2.202484522858016	0.6097608513757549	0.001435909927196046	0.1614292452749475	0.20356895289591712	-0.00745922302380617	
286|1	2.567774898726312	0.09140162892980522	-1.0762982569297725	-0.02286273656039259	1.2384130331985175	0.2569436229647328	0.19251797024106765	0.25899559065567945	0.04675988080174412	0.1319700549061907	
438|1	-0.953636683415325	-1.2556075397698014	0.9268689927328133	0.19903971262888046	-0.5062763652347665	-0.1901096542058558	0.14984763086004288	-0.3587009899066527	-0.26633311315417446	-0.15122416052977056	
428|1	1.2254050534990768	0.2421983279102503	0.8534961169916844	0.1575491976220688	-0.060655980098908414	0.4025296221728859	-0.8575322252970754	-1.1614765011531214	-0.4115339621306085	0.1525301711083952	
340|1	0.042876944708138	-0.18001178367595003	-1.8723328518820639	-0.9080971515594934	0.3403063411466515	0.6286365831484043	-0.462616826727382	0.3803301053100914	-1.135633429187194	0.28188209143256165	
12|1	-0.2283748577114842	-0.604368188273967	0.7629685452260689	-0.6528674926523996	0.3222009632148969	-0.3014682896369298	-0.539118871886671	-0.0875795362193409	-0.42543301305625764	0.07282824368841034	
24|1	0.18873158301594845	0.12052550327363369	-2.0637487049996923	-1.1927736846275054	-0.054867553072792154	0.5558641423125085	-0.5721144608513506	0.1779054973701581	-0.5185074284377101	0.5679324661358117	
294|1	-0.3439835298277764	-0.8934555326128991	1.081392324627544	0.5873403439253235	-0.30321028275645123	-0.06518844303650682	0.3625449063692087	0.1865781842525526	1.1517161905914444	0.1350330516530286	
80|1	-1.889106466811123	3.6988370214239383	-0.2106089303159966	-0.24780530632574838	0.1047982135101322	0.9222304637170871	1.22533469123367	-1.0683861017966945	-0.2993040766122173	0.16002914007814714	
388|1	-0.32970990490510094	-0.21768603106576095	-0.49163338298847853	0.09042125690271446	-0.25274407838099966	-0.7911454159700101	0.07974693579730918	-0.3022826515542108	-0.1695342948257507	-0.0035982098590041202	
135|1	2.6869629897653313	0.28452495136338946	-0.13600200572849144	-0.586778126122655	0.3442903365732706	-0.5507441511109045	-0.22969797096894146	-0.031717628334534585	0.07857102890626508	-0.5114576434204797	
91|1	-0.21181749503009056	0.4481456066170349	-2.0513198743688976	-0.8168084908685683	0.5939313553252916	-0.1349554512632921	-0.06765250037931869	0.33294047240456937	-0.10329768114458224	-0.5238506921576921	
420|1	-1.2469102442625337	0.18701905111876496	0.6420333909041408	-0.4503261462584769	0.43177487155056726	0.26486446761299404	-0.2784526726067077	0.6193061497924047	-0.395563542537923	0.12584344584908552	
430|1	-0.6526548612061337	-0.07451559412398617	-0.24384992454437385	-0.8317947528097211	0.7622929172242852	0.10992642604113186	-0.7803844015082803	-0.11613223700452732	1.1530744683710195	-0.07691102033058661	
632|1	-0.6055148038352904	0.5411138339034622	-0.23991133270466064	0.13131510299605928	0.03649238818329682	0.3705076551205702	-0.8413545739066176	-1.0201968338161629	0.970021829045713	0.5065088053077097	
43|1	0.09449266229351969	0.24419372221929747	-1.951040431008541	-1.381806630941619	0.16467954881656396	0.5282877544265969	-0.8691042299832521	0.4771316587782652	-0.3008122613684286	-0.3618656719221529	
581|1	0.8753404724433512	0.9118927309023038	-0.20165332154857343	-0.02812888748232429	-0.7963961574080775	1.1990653781235336	-1.1302718521629747	-0.3702548681875975	-0.5572183867570252	-0.4182204955290979	
343|1	-1.5938277476707166	-0.22666879471646784	0.17271270019555499	0.21078910087204702	0.13174672967156756	-0.5210226445174438	-0.029101440431622647	-0.3020114398549953	0.4597932567539468	0.16346078602695985	
623|1	1.8119842988458845	-0.9676200490243161	0.5202565874960191	0.38376216963820176	-0.9358151354719214	0.8892797108420742	1.8695987043799165	-0.14303017229504084	0.31961977833846705	0.8069705366966389	
310|1	-0.6020033922450524	0.47993527155654025	0.624792286845448	0.4776683473760267	-1.0615481659087727	-0.07374975339506278	-0.840881002508545	0.04328983222163308	0.18486486530474625	0.47488549857679485	
575|1	2.022405867846543	0.13729763806931455	0.5225855337393241	0.3391084564117824	-0.8877028091672541	0.4905254218824152	-0.1873891903660848	-0.8675980130698594	-0.8538640453454733	0.7938142124509666	
65|1	-0.5511189686180097	-0.915993841746067	0.4908279419867264	0.13098411920033418	-0.4205637015826765	-0.18319873189778407	-0.17427446742196614	0.3710731043713816	0.13808436485831965	0.10935560448926683	
137|1	-0.23996325616165481	-0.5910760390523532	0.9180262164819503	-0.9973842388126967	-0.39279922138518236	0.5702312882342517	-0.17538676677613102	0.15457072174008726	0.26997633357283507	-0.25281281942372125	
540|1	2.894733680791922	-0.1677592305233076	0.5497914263117	-0.09605499126254578	-0.6076069826690744	-0.36875123894040457	-0.11042552378863234	-0.5766306236739676	-0.12882967126679357	-0.23271183379428495	
389|1	-0.9844561168269315	-0.012380316564579316	0.19180333610323475	-0.5942263465334379	-0.6483987170144453	-0.18771400632843452	-0.8842967308553878	-0.05165389958690147	-0.06377028603255047	0.20144502190276023	
485|1	-0.7535329263026588	0.3159302303089882	0.14979677492835727	0.9799351298960209	-1.2085705873546315	0.39272736428758664	0.35487084120705875	0.8289766883602044	-0.3763222278433964	-1.1857630998562576	
425|1	0.9864843693846365	0.21204014615505648	0.2591064387058084	0.7370940633711031	-0.5360645040272276	0.11670306455566619	-0.5261484602050469	0.5009804122951581	-0.6310434017239313	-0.2059542304298312	
111|1	-0.7333771780240449	-0.36229965054950275	-0.5197874015807549	-1.7095298943893278	-0.11482308166947733	1.1308604465087804	-0.9815368004389402	-0.18196884551852072	0.7775593531714747	-0.8293509103025507	
315|1	0.07033364757816986	-0.7904598116107729	-0.814283511739854	-0.1831411840601455	1.0012133682170556	-0.16834494643099945	-0.7526355075558525	0.12804692493218175	0.736714169891415	0.44248060580022364	
583|1	1.571312509207406	0.4715107702845134	0.5998378173821289	0.8837614063924408	-1.9545922966146552	0.5616411446041712	-0.28729057785627116	0.33924454865076215	0.3745807762756316	0.3436093281608214	
29|1	1.3870389603408955	-0.5444783679945664	-0.0031473725712568693	1.2893049591364016	-0.2519173435366888	0.37079967141046166	0.26519747053173437	-0.04769002472236307	0.6057422070139193	-0.2858845290453371	
30|1	0.019247837696496684	0.9596964719535395	-1.5959672613055256	-0.03223076100389573	-0.09226796002796928	1.124943363563514	-0.9482491121493745	-0.2623914986935637	-0.3884836486324372	-0.011082774579090456	
410|1	1.8696589477217171	0.1093665469789309	0.934090103726914	0.11100241850554768	-1.1657709635534603	-0.2687507728507622	-0.5287592721889874	0.27835495724972575	0.08932038316450891	0.18118372045727577	
181|1	2.4987001700029463	-0.5078563444020578	0.8001340008464763	1.052173152102494	-0.22835571644158048	0.8938799812061456	0.18475782413517747	1.0308862624917687	-0.7478393405842874	0.709572487279605	
496|1	-0.4278215036147139	0.8148385633184491	-0.844089109281608	0.1727623321188275	0.39638816785435155	0.25372810285801106	-0.5842980279809185	-0.19582443006069855	0.07546976068831135	0.7859827855704742	
443|1	0.1947237611282955	0.7171908692415951	0.2752376631277988	0.7662105811639971	-1.6196245133268972	0.20033573672754865	-0.587608201373465	0.19624032029853342	0.1141740351043943	0.13360604724751068	
412|1	-0.48351694101515796	-1.0879540706733803	-1.1087582618384464	-0.6283022881299025	0.1929136643785544	-0.4176773345229188	0.7672593910647555	0.02550379952645149	-0.339324329230596	0.3815410021033269	
508|1	2.042771400266801	-0.46402197043331994	0.08360865279514973	0.3490041312327319	0.4225720658565879	0.04947728257338286	0.35758013631042807	0.3288313100932869	-0.40015535103067196	-0.17450112808870477	
338|1	2.2037597962651936	1.5625972397460213	0.9099617652620386	-0.66355179785523	0.37826396948417745	-0.7993309388944604	-1.0951158967097203	-0.07727450431676153	-0.36121210066408194	-0.15527829156529924	
378|1	-0.6273164063434401	-0.41137441036945466	-1.2876842680979101	-0.5510355603869175	-0.4017587626919608	-0.3244344056613521	0.08648119344817265	-0.24604794993082327	-0.04358373686191168	0.5371277503521275	
545|1	0.37470621848520436	-0.09518406715121205	-0.6030410168537682	0.16972962136872105	-1.0539988020231066	0.08217453960608953	0.6245428052397222	0.5359631317319945	0.07939332795452843	-0.2953122707731815	
150|1	-0.9417041288769409	0.8645880600013606	0.5308342658551314	0.17389528105568913	-0.012305174873404712	0.034728656133439985	-0.24576040819215086	0.7701356063757233	-0.4064346195188447	-0.2807984717823597	
429|1	1.945439972448926	0.8362708880453428	0.3432402118215409	-0.7229980116438075	0.04235700943593871	-1.105151321366043	0.48940137097941405	-0.139628821516312	0.5210306443299414	-0.09266291448092874	
268|1	-0.15480118198428727	0.1549745933484797	-0.6465222130205182	0.36301868080771316	-0.26185720956030767	-0.32778462759360655	-0.2735153919869251	-0.27117225897942293	0.47839061123936455	-0.3851722745862139	
313|1	0.797171879340778	-0.21630201891633005	-1.197213778741096	-0.4450632793300193	-0.5831966204167518	-0.15176731037733776	0.04599124099192078	-0.3736900934553974	-0.14695975426710983	0.09681931300898947	
204|1	-0.8123350082371528	1.887739175187133	0.2527143013062189	-1.039759259516697	0.7545761824735948	0.3584196528267468	1.0776995531595333	0.26755723691500666	-0.22381716783162411	0.45450219340216413	
587|1	2.129029111866681	0.027595461195146855	0.505288245813262	0.3984843078677854	-0.7789043502134905	0.47865544794419085	-0.433539744957902	-0.6076996073097636	-0.887013700289391	0.6729246175066996	
129|1	-0.5579034410074635	0.6070023868615508	0.6900989841329682	0.08557963930169034	-0.4772960171868892	-0.49392153961400154	-0.9803113509141957	-0.25578471830095717	-0.1380831463243696	-0.03155817639226146	
660|1	0.43500148874080835	0.3358701697651008	-0.27665040184457723	-0.9929569896284332	-1.1041076891968635	0.5375948193521788	-0.1322860124547538	0.3582774250621521	0.17805184421921338	0.4493195036402984	
598|1	1.1761278275592166	0.6931020781907665	-1.2605798062218156	-0.5313663731440451	0.6132335262359693	0.8970710980983522	-0.8382082981181912	0.7997775594550133	0.5985536904105414	0.4592233010904534	
76|1	1.584596908678338	1.9151975208850625	0.9518616250373785	-1.3563446647583337	-0.8693714806646972	-1.465452870274193	0.8483102834716973	-0.9317961039607188	0.9795030788101676	-0.7192107140126734	
474|1	2.255890445946361	1.480490979365475	0.7075035733204065	-0.6678167809327192	0.8262116313420182	-0.8072408676260462	-0.6077184609291667	0.2616602300415031	-0.0422076350054928	-0.3780480158698293	
255|1	1.4788686756496097	0.13512283593477856	0.6075593627036665	0.19309568856081774	0.506621663793949	0.23536755987314323	-0.2196503883699495	-0.024276085122268656	-0.07475182530455167	0.8411010820700163	
15|1	-0.4843846502896104	-0.9214379415756201	-1.2214082017965078	-0.6792076274411288	-0.13461539405555395	-0.3190299733279428	0.12569586425448256	-0.1879135992839731	-0.21674174236115243	0.47060108131018463	
165|1	-0.3360186244149308	1.0902412589495891	-0.3619120596200351	0.9729392356651857	-0.37209714000251715	0.3675100188630692	-0.7875479461527223	0.7393519291835955	-0.0859873130599947	0.3489824548813931	
2|1	2.430711208584098	1.2616550411708467	0.3817858520589724	-0.05043169968952092	1.0162705100851885	-0.6721073303553591	-0.9422471941313655	0.27060676905994474	-0.25649867486043315	-0.3927978791725923	
461|1	-0.5078833207435409	0.41257349940943144	-1.330728898047582	0.6358617185004228	0.45918282693206774	0.1522224134190892	-0.39576673486145814	0.09902319637253858	0.4554431719389955	0.3726893464305824	
672|1	2.1279443342831996	0.5469241806618487	0.08376553890273138	0.568836432843626	1.2289824620622904	0.8719323738691827	0.45116582028727353	1.0794025750327372	0.5762190139802562	0.2919782646013265	
381|1	-0.8724658659125678	-0.7662414164144946	-0.28268072889911083	0.25728587057619884	-0.6062351985825999	-0.20686091714293556	0.37177494341599954	-0.1362905405589191	-0.2808010066780563	-0.06070608970450476	
504|1	1.9192056375855313	-0.24562345565516022	-0.82672288477309	-0.28895123379709703	-0.8265103295258769	0.24684558452118457	0.02016719385833612	-0.45324402624810806	-0.004432953348456792	-0.05806731116728015	
469|1	-1.4250280517454073	3.759241691204655	-0.12326942819498347	0.14632038109790974	0.5317542860825154	0.2528510032554087	1.113615109556083	-1.720578743484471	-0.7979478062256524	0.8836975063835021	
353|1	-0.730416769325336	0.25661505337639456	-1.0706943225275587	0.7719917259002027	1.357416492545841	0.05669933382175607	0.11936673077866494	0.08320047262629024	0.6231402421999758	-0.11448395915755523	
341|1	-0.3501969467134852	0.9986607556893492	0.5352411622148353	0.282070059155731	-0.4562643958386733	-0.6307719589104179	0.015694156952030844	0.9738536358124323	0.12382048618632363	0.16032093514957682	
121|1	0.7285297928747408	0.1976295226248128	-1.4240515368089397	-1.4930917273938995	-0.8980134741702755	1.0839528142754138	0.41557093615143187	0.36192155720135144	1.3603755969072644	0.05741538555633253	
524|1	-0.2967577051971843	-1.0853178613047032	-0.3503203998862078	-0.21818415091549612	0.43325692757688167	0.7850123185248438	0.0627576527684238	-0.7628836047233833	-0.602698210127371	-0.7145297954811382	
61|1	1.9425492986235309	-0.014114735612093702	0.12151546091029067	0.6344784187921046	-1.201184886079784	0.3255477901752747	-0.3087186952321426	-0.9625567273920289	-0.6577435423980073	0.5645489235310396	
125|1	0.3426498758651634	0.4338761890602668	0.11245009881173507	-1.1578893099729557	-0.6831081881888611	-0.5416878328584426	0.3837156472951671	0.5015998214845703	0.6045559538088929	0.3663859062316802	
113|1	2.068537783784448	-0.24476977778938888	0.39162039479127325	0.11914074489412912	-1.2699894502864748	0.4220473444423599	-0.12107683983003871	-0.8594686671267867	-0.7470549324344379	0.4972741351814532	
93|1	0.11985303884129235	-0.12095686446662689	0.16772961117243482	-0.1311487510980315	-1.2219882783431144	-0.12137385063979454	0.11142816969361329	0.5628152101815969	-0.05847802874518694	-0.0975275473590733	
373|1	-0.6178611173024074	0.09682848116679903	0.14958991326868237	-0.00519528862604305	-0.2760715203468073	-0.3003219067659716	-0.029652484743718923	0.6157635023577243	0.4551151262886562	0.5604471595857238	
299|1	0.4828047028205134	-0.18929486356450562	-1.6838858589829535	-0.5716197971116092	-0.632213983660267	0.15234471923115137	0.040293276398821076	-0.07720550534541369	-0.08418839365494427	0.052127898696084786	
9|1	-0.5768278609738878	0.29335910848334573	0.8539627795249028	0.4300261003660736	-0.9400486499796742	-0.17328124006886625	-0.8066124510259814	0.03779393177054382	0.16419421431752607	0.24152067908915884	
72|1	-0.8975243047254987	-0.3497348822543035	-0.26315407635141286	-0.609189954930805	0.45899940079064844	-0.15368972177947837	-0.12947929652983126	0.5188877200623178	0.20810315610539248	0.002140894149524698	
454|1	0.12853947261831006	0.2116390920149047	0.21835647232232436	0.7763138970470516	-0.6371965060780278	0.18789411704603445	0.8414819150295022	1.0028611130073948	0.2563781578745639	-1.4150407186335061	
655|1	0.28551190996827913	0.6470415225937911	0.42136774141500516	-1.3923619699843937	0.6388808800431538	-0.6454979846279142	-0.3090763791006742	1.2342621472045938	-0.32614873289283297	-0.06051130804683465	
368|1	-0.7938133124349961	0.07257819108253807	0.8791311727365356	1.0722128244848335	0.1765294732209967	-0.3475391695436163	-0.5791907719489163	0.35732129318064626	1.4624473972263823	0.6444300060065448	
221|1	0.2312445940551484	-0.0006729134784440802	0.39803492986000194	-0.676110836340383	0.45674128601605946	-0.6122320724340042	-0.3461200703962446	-0.45048451882449975	0.47362599178682974	0.27547785933746044	
319|1	0.3465731636158602	-1.1009277935750506	-0.8151578562416026	0.13833142653852193	0.4622575170887785	0.6906361384919866	0.11384507610557563	-0.5414157846147252	0.736733349169856	0.47851268278165787	
603|1	-1.176573256489635	-0.03679427215570761	0.21957391946262164	-0.5461284509356195	-0.06418357597852449	-0.32270126029325036	0.12292974314152712	0.1523426779500205	-0.30219948939218894	0.04162140970555813	
621|1	-0.34589908513024514	-0.06852667263276727	-0.5509780337854226	-0.5673334571150151	0.7979509206892087	-0.23395975925756338	-0.7625130051110203	-0.2753793118125159	1.3068334709747083	0.14681032234450095	
274|1	0.8796527813390985	-0.8520733680703971	0.9085370003891783	0.2942338476031571	0.6227326755368836	-0.3792418083023781	-0.08952888142931809	0.18466488869979097	0.9402122751980648	0.2187372573839298	
265|1	1.920919351931201	-0.6734311813147275	0.03220539183695528	-0.12217030957450246	0.25036205120309507	0.1188922322963658	0.25980260498638064	0.4038729339101053	-0.9567166261509551	0.46759303809086805	
251|1	2.164543304536987	0.21545281628774918	-1.0323231096320409	-0.6104183648824741	0.3270914814882842	-0.3729088957394244	-0.31671343160015475	-0.5236260706775381	0.037696045298741376	-0.230463621278878	
336|1	2.6996484666913076	-0.327828372667775	-1.213992512266855	-0.10924072265801721	1.1942939718964614	0.5378281164727267	0.21423773915951178	0.5005379354753101	-0.042081513841780105	0.42574661081614223	
609|1	3.0185391937857986	0.4436604249915235	0.5220854360697217	-0.22959265882591928	0.8946274920219267	-0.3712921370449591	-0.23938713545873008	0.4314663043224027	-0.24860531600057012	-0.3536734195528142	
551|1	-0.01475344237101584	-0.020558171244572064	0.5546450898224042	-0.5277424166378222	0.7053091454073135	0.5318348905519387	-0.576981904924072	-0.7601476816299261	0.48465418027435847	-0.1107848387564536	
303|1	2.3058949793673373	0.988594609568237	0.556550151187685	-1.226106030368281	0.6943023331114813	-0.6603352836694222	-0.4749645136211042	0.33018493263655463	-0.24217253065945435	-0.37787380827197004	
662|1	2.3341371642120166	-0.4794350619180669	-0.26025716560971995	1.007127287910463	0.4605846740464837	-0.057970617151668395	0.9214500986806224	0.5528162302587889	0.4121714344047265	0.16412167051967014	
395|1	0.4555175050964971	-0.21208119530140304	-1.318905148790263	-0.3476359887951653	-0.8046913525668399	-0.02770975109432907	0.022974214033976936	0.05514725515909054	-0.2261982426687193	0.24558293511892923	
3|1	-0.4754698709652598	-0.7043460053710963	-1.4655609724500882	-0.5467562557638482	-0.41437823459952816	-0.18112511787178023	0.2375144779827856	0.0731780343598788	-0.2964918782420582	0.24370131832548877	
450|1	-0.7916200675941999	-0.6372765046988562	-0.4817812770445736	-0.3066605437585367	-0.3870331114890906	-0.4229713540214996	0.4865185828482557	0.006292096056701531	-0.029046766529126758	0.037955199071118356	
712|1	-1.8796907341449929	3.2207978364009002	-0.7736984663449656	0.45026204884238546	0.040824736619630875	0.3374853189817878	1.30415926284333	-1.3350955136736238	-0.47883432381771535	0.469694230463426	
185|1	1.446667713828565	0.9278250505581357	0.09905512886019942	1.329584698729453	-0.7726709112579772	0.01992928108333581	-0.3398846830944598	-0.4962079481757679	0.7266330916782172	-0.042756365587273505	
411|1	0.09596479447769918	-1.5057218576912532	1.5665386088570679	-0.39127486614273094	0.36241718449719335	0.25236644338504755	0.6697669967613451	-1.022499233846815	-0.2831151752769241	-0.07860886747576497	
168|1	1.2526550530624099	0.19782049691262515	-0.07404749052777339	1.0529096800790512	0.3631379306130589	-0.3475490835244225	0.6927381111065402	0.4715563617622281	0.2611320811528759	0.003929626343949931	
236|1	2.4263999022350364	0.8565513650148734	-0.5726061514599564	-1.7757891314678615	0.8929966715787123	-0.1221504802411007	-0.8293409513001221	0.29649440221192785	0.04503590704966311	-0.6050159888619769	
514|1	2.4540104360798822	0.08011757106850648	0.9938827964360499	-0.30161078828920246	-0.043332714944203904	-0.8122090600245314	-0.1628618539970039	0.2355211561672366	-0.25286027360010715	-0.021556828967460084	
380|1	-0.3644723407635277	0.48983085886341876	0.3204899685265562	-0.04408653619322531	-0.17517142147668655	-0.6433275318681282	-0.31254330091210136	-0.16502934118906135	0.09221735922363394	-0.5604141685755764	
8|1	1.3191418228035876	0.1897971509478167	-1.620491937192967	-1.179595305866997	0.5546472101537677	1.0178792198223732	-0.8104401053662791	0.8400243317648864	0.30869296592505374	0.18180144252839817	
14|1	-0.1921487824644119	-0.7196144951634432	-1.0731515138132681	0.2601948852828656	1.0787780274895287	-0.13376400303097857	-0.5110125620112276	-0.13017352759166137	0.8963963502626593	0.2514593914665531	
528|1	2.5027960130869844	0.9453448842452278	0.4112810155244403	-0.6528411964503343	0.9476756648432048	-0.5757455558697824	-0.7510952679740681	0.3641767205560357	-0.24609374254800456	-0.3434497669937556	
20|1	3.0036131404099278	-0.6923577220733274	0.1552190639984978	1.1292688447579324	0.42979148748887186	0.22331644180314447	0.9072351141643108	0.4285889591871761	0.13758827986793937	0.36233277670819725	
457|1	-0.28855432859365554	0.7141485554667463	-0.4206810597112678	0.5799192987237117	0.059270421584683534	-0.19981814806948975	-0.318529475941554	0.7985164211871023	0.024993625595629076	0.8419993759620856	
139|1	0.850138385219591	-0.3942074852562405	-0.38036565401349076	0.5512052923412756	-0.012274892940013599	-0.4585166200424137	0.4458664773455015	-0.0750510088428246	-0.5653102836323655	-0.21814710507294924	
154|1	-0.4607345229302038	-0.8341469953446923	-1.2868333928470115	-0.5605726964572387	-0.09043409491582892	-0.3202100320186948	0.26874549524727365	-0.02488687697062401	-0.3686683129054242	0.6412280773449036	
337|1	-1.2142020633758057	-0.4546959999551803	-1.4454321070020446	-0.4829713563934824	-0.22065798636029124	-0.29593464234619504	0.9495801321139326	0.508346337231878	-0.5971765067983504	-0.22955203834718646	
167|1	2.141825411848612	-0.37834619292252186	-0.2674695123942852	0.8979224926797942	0.42388267387212575	-0.18812557254314402	0.883635845877225	0.4104629868494932	0.4103131778147028	0.06081932998510094	
691|1	-1.5591770389543853	3.1671502680868917	-0.6019482918372396	0.5705252813531816	0.3621816806114489	0.02890089303080324	1.3536930594118806	-1.4298960821907862	-0.490699296906892	0.8362303655820507	
277|1	-0.42262000630182023	-0.7163345258579406	-1.6982556518236143	-0.18767444275364312	-0.2458519522059147	-0.16401874968948027	0.47139359685614546	0.22272091646722486	-0.09528418479872085	0.06905645795943359	
652|1	1.0311464883267014	0.25514243119223656	-1.1229856882204161	-0.8661771290541005	-1.3961113390981505	0.7297603990440643	1.401747179471972	-0.4787815302857678	0.3006495698365794	-0.703079548645334	
689|1	-0.7722049881516845	0.5062773106095041	-1.228724057171466	-1.0910310966177754	0.3947649331674821	0.08637939465747387	0.9531764804345878	0.24361693369105025	-0.5119551990661438	-0.06656569820841031	
374|1	-1.349579291334923	-0.4790860373422337	0.17832601452535352	0.12093085756593833	-0.3936823443144442	-0.443950798821357	-0.23026437312830994	0.16226457358414392	-0.1511213217218758	-0.23186140704024547	
227|1	2.4617245748489	-0.1477629404550491	0.25471248970571697	1.6059102579928817	-0.99065533681016	0.646152524784527	0.21642936383746997	0.31206430375878363	0.09327906017897933	0.622843638221013	
477|1	3.1498300987344288	-1.4255781361948534	-0.9967681889553134	1.1618003836583393	-0.11147268600365987	0.3341814943970476	1.0663039244930994	-0.9256630928985917	-0.6474321546673375	-0.2211276041965187	
39|1	-0.7880513363588288	-0.044330048633530905	0.221509749043907	-0.6525317145676482	0.8158264298422975	-0.0854303299222179	-0.35629083399559064	0.19845074338661203	0.3939272273824665	0.520015537240235	
493|1	-0.37479447631168	-0.545012481961209	-0.07743013492735773	0.047682694337879965	-0.5027025103059672	-0.8345873370413797	0.18325832686298177	-0.10411244462169858	-0.24014181798004006	0.32640216407068096	
518|1	2.4672318668670883	0.6331075531536857	0.5346744798128525	-1.4972697601959386	0.691432521378822	-0.8519133812649996	-0.4584650695956954	0.45172556424886295	-0.15284244771286432	-0.4642528706692341	
375|1	-1.0699006003861156	0.9088500171321718	-0.6215116593830476	0.3012494767850519	0.7266184676129429	1.0693751300361636	-0.17360025552920388	0.2477452575455941	0.39733196763279166	-0.5988857901948232	
696|1	0.8681834125631864	-1.0586251515532668	0.5505784740937849	-2.10869970108301	-0.553453783382046	2.1645114199334583	0.5795721718394539	-0.3983661745995035	0.4968909395882637	-0.3071772815094024	
379|1	0.029906425398596077	-0.08830525199120276	-0.8835674125278326	1.0423360501637577	-0.13816645975852565	-0.6853269241207437	0.3408608013344021	0.5703860258396756	-0.06086581383889999	-0.3478337433083293	
318|1	1.4638824143011693	-0.17935813178277443	-0.7710282983404174	-1.1818758500243063	-1.5820800023537338	0.9494960508240671	1.6565367819391839	-0.14778323778745198	0.5323512810951871	-0.1276807346591445	
633|1	1.962645046032618	0.9916668023351252	0.64697832530895	-0.9736043894400492	0.4633329857557168	-1.1269278700766514	0.32509365966106935	0.20010981520312818	0.3377651531265643	-0.08128934061307169	
