#	alphatic	aromatic	postivecharge	negativecharge	uncharge
1182|0	0.475	0.05	0.175	0.075	0.225
2807|0	0.5384615384615384	0.0	0.15384615384615385	0.0	0.3076923076923077
5281|0	0.4358974358974359	0.05128205128205128	0.1282051282051282	0.10256410256410256	0.28205128205128205
3989|0	0.42857142857142855	0.047619047619047616	0.14285714285714285	0.2857142857142857	0.09523809523809523
1255|0	0.5882352941176471	0.0	0.11764705882352941	0.23529411764705882	0.058823529411764705
2810|0	0.16666666666666666	0.0	0.16666666666666666	0.16666666666666666	0.5
3936|0	0.48148148148148145	0.1111111111111111	0.1111111111111111	0.1111111111111111	0.18518518518518517
882|0	0.5833333333333334	0.0	0.4166666666666667	0.0	0.0
3176|0	0.35714285714285715	0.14285714285714285	0.0	0.42857142857142855	0.07142857142857142
899|0	0.16666666666666666	0.06666666666666667	0.03333333333333333	0.36666666666666664	0.36666666666666664
3920|0	0.5862068965517241	0.06896551724137931	0.13793103448275862	0.10344827586206896	0.10344827586206896
2009|0	0.36363636363636365	0.18181818181818182	0.2727272727272727	0.18181818181818182	0.0
5129|0	0.4838709677419355	0.0	0.0	0.06451612903225806	0.45161290322580644
4428|0	0.3125	0.25	0.375	0.0	0.0625
1764|0	0.5714285714285714	0.05714285714285714	0.08571428571428572	0.02857142857142857	0.2571428571428571
4231|0	0.5208333333333334	0.041666666666666664	0.14583333333333334	0.0625	0.22916666666666666
4581|0	0.4418604651162791	0.11627906976744186	0.11627906976744186	0.023255813953488372	0.3023255813953488
3543|0	0.4230769230769231	0.07692307692307693	0.07692307692307693	0.0	0.4230769230769231
2318|0	0.22580645161290322	0.0	0.25806451612903225	0.06451612903225806	0.45161290322580644
5100|0	0.6153846153846154	0.07692307692307693	0.3076923076923077	0.0	0.0
5299|0	0.15789473684210525	0.02631578947368421	0.21052631578947367	0.02631578947368421	0.5789473684210527
826|0	0.15555555555555556	0.08888888888888889	0.2222222222222222	0.13333333333333333	0.4
961|0	0.12	0.28	0.12	0.08	0.4
1879|0	0.5	0.0	0.2222222222222222	0.1111111111111111	0.16666666666666666
2649|0	0.5555555555555556	0.05555555555555555	0.1388888888888889	0.08333333333333333	0.16666666666666666
1390|0	0.3333333333333333	0.19047619047619047	0.14285714285714285	0.09523809523809523	0.23809523809523808
2881|0	0.34146341463414637	0.0975609756097561	0.0975609756097561	0.0975609756097561	0.36585365853658536
1540|0	0.5	0.05555555555555555	0.1111111111111111	0.1111111111111111	0.2222222222222222
4972|0	0.42857142857142855	0.07142857142857142	0.03571428571428571	0.07142857142857142	0.39285714285714285
1458|0	0.32	0.08	0.04	0.36	0.2
1558|0	0.35714285714285715	0.023809523809523808	0.16666666666666666	0.09523809523809523	0.35714285714285715
825|0	0.35714285714285715	0.14285714285714285	0.07142857142857142	0.07142857142857142	0.35714285714285715
5140|0	0.3333333333333333	0.16666666666666666	0.1111111111111111	0.16666666666666666	0.2222222222222222
2551|0	0.5833333333333334	0.0	0.08333333333333333	0.0	0.3333333333333333
4364|0	0.5625	0.0	0.1875	0.0	0.25
5080|0	0.6666666666666666	0.20833333333333334	0.0	0.0	0.125
5182|0	0.46153846153846156	0.11538461538461539	0.3076923076923077	0.0	0.11538461538461539
2569|0	0.36363636363636365	0.045454545454545456	0.2727272727272727	0.11363636363636363	0.20454545454545456
3392|0	0.4482758620689655	0.10344827586206896	0.1724137931034483	0.06896551724137931	0.20689655172413793
2408|0	0.5238095238095238	0.0	0.14285714285714285	0.23809523809523808	0.09523809523809523
4894|0	0.5	0.0	0.16666666666666666	0.0	0.3333333333333333
4200|0	0.7692307692307693	0.0	0.07692307692307693	0.0	0.15384615384615385
2865|0	0.4897959183673469	0.061224489795918366	0.10204081632653061	0.12244897959183673	0.22448979591836735
4419|0	0.5	0.0	0.17857142857142858	0.10714285714285714	0.21428571428571427
3461|0	0.18	0.06	0.26	0.1	0.4
2615|0	0.42857142857142855	0.0	0.14285714285714285	0.42857142857142855	0.0
5219|0	0.4634146341463415	0.12195121951219512	0.14634146341463414	0.0	0.2682926829268293
1911|0	0.65	0.06666666666666667	0.1	0.016666666666666666	0.16666666666666666
3039|0	0.07142857142857142	0.14285714285714285	0.2857142857142857	0.21428571428571427	0.2857142857142857
4451|0	0.3333333333333333	0.05555555555555555	0.25	0.08333333333333333	0.2777777777777778
801|0	0.4594594594594595	0.02702702702702703	0.08108108108108109	0.08108108108108109	0.35135135135135137
5004|0	0.3333333333333333	0.07407407407407407	0.14814814814814814	0.25925925925925924	0.18518518518518517
2352|0	0.6666666666666666	0.0	0.05555555555555555	0.1111111111111111	0.16666666666666666
3523|0	0.5666666666666667	0.06666666666666667	0.1	0.03333333333333333	0.23333333333333334
3357|0	0.3333333333333333	0.06666666666666667	0.26666666666666666	0.26666666666666666	0.06666666666666667
2034|0	0.1951219512195122	0.17073170731707318	0.0975609756097561	0.17073170731707318	0.36585365853658536
3875|0	0.4838709677419355	0.06451612903225806	0.0967741935483871	0.12903225806451613	0.22580645161290322
5284|0	0.25	0.041666666666666664	0.14583333333333334	0.0625	0.5
3115|0	0.4634146341463415	0.07317073170731707	0.12195121951219512	0.04878048780487805	0.2926829268292683
3406|0	0.4	0.16	0.08	0.04	0.32
4936|0	0.23076923076923078	0.0	0.11538461538461539	0.07692307692307693	0.5769230769230769
2431|0	0.19148936170212766	0.0851063829787234	0.2127659574468085	0.06382978723404255	0.44680851063829785
5093|0	0.7619047619047619	0.047619047619047616	0.09523809523809523	0.0	0.09523809523809523
1095|0	0.5882352941176471	0.058823529411764705	0.17647058823529413	0.058823529411764705	0.11764705882352941
1077|0	0.5135135135135135	0.05405405405405406	0.1891891891891892	0.05405405405405406	0.1891891891891892
2934|0	0.37142857142857144	0.11428571428571428	0.05714285714285714	0.2	0.2571428571428571
1452|0	0.23529411764705882	0.11764705882352941	0.23529411764705882	0.08823529411764706	0.3235294117647059
1140|0	0.5333333333333333	0.03333333333333333	0.13333333333333333	0.03333333333333333	0.26666666666666666
2603|0	0.34	0.14	0.18	0.18	0.16
1341|0	0.16666666666666666	0.16666666666666666	0.16666666666666666	0.08333333333333333	0.4166666666666667
5171|0	0.22580645161290322	0.0967741935483871	0.16129032258064516	0.0967741935483871	0.41935483870967744
2573|0	0.36363636363636365	0.045454545454545456	0.22727272727272727	0.09090909090909091	0.2727272727272727
3232|0	0.3333333333333333	0.05555555555555555	0.2777777777777778	0.1111111111111111	0.2222222222222222
1858|0	0.5	0.08333333333333333	0.20833333333333334	0.041666666666666664	0.16666666666666666
4568|0	0.2222222222222222	0.05555555555555555	0.2222222222222222	0.0	0.5
898|0	0.6551724137931034	0.034482758620689655	0.034482758620689655	0.034482758620689655	0.2413793103448276
5276|0	0.43333333333333335	0.03333333333333333	0.1	0.23333333333333334	0.2
2209|0	0.2553191489361702	0.10638297872340426	0.19148936170212766	0.0425531914893617	0.40425531914893614
1000|0	0.24390243902439024	0.08536585365853659	0.1951219512195122	0.08536585365853659	0.3902439024390244
3329|0	0.7142857142857143	0.0	0.09523809523809523	0.0	0.19047619047619047
3365|0	0.48484848484848486	0.030303030303030304	0.09090909090909091	0.06060606060606061	0.3333333333333333
3041|0	0.34782608695652173	0.13043478260869565	0.17391304347826086	0.043478260869565216	0.30434782608695654
1806|0	0.3333333333333333	0.0	0.16666666666666666	0.16666666666666666	0.3333333333333333
3770|0	0.37037037037037035	0.07407407407407407	0.14814814814814814	0.14814814814814814	0.25925925925925924
3289|0	0.1111111111111111	0.2777777777777778	0.3888888888888889	0.0	0.2222222222222222
3763|0	0.4444444444444444	0.0	0.2222222222222222	0.0	0.3333333333333333
1275|0	0.4	0.0	0.3333333333333333	0.13333333333333333	0.13333333333333333
3228|0	0.5833333333333334	0.0	0.08333333333333333	0.16666666666666666	0.16666666666666666
1772|0	0.5625	0.0	0.1875	0.125	0.125
4845|0	0.4375	0.041666666666666664	0.14583333333333334	0.22916666666666666	0.14583333333333334
1850|0	0.7	0.0	0.0	0.15	0.15
3424|0	0.21428571428571427	0.10714285714285714	0.25	0.14285714285714285	0.2857142857142857
5144|0	0.38461538461538464	0.15384615384615385	0.23076923076923078	0.07692307692307693	0.15384615384615385
1713|0	0.5416666666666666	0.125	0.08333333333333333	0.20833333333333334	0.041666666666666664
3721|0	0.35714285714285715	0.03571428571428571	0.17857142857142858	0.10714285714285714	0.32142857142857145
5169|0	0.34210526315789475	0.05263157894736842	0.15789473684210525	0.18421052631578946	0.2631578947368421
1908|0	0.5	0.05555555555555555	0.1111111111111111	0.1111111111111111	0.2222222222222222
3559|0	0.45	0.0	0.35	0.15	0.05
3609|0	0.46153846153846156	0.0	0.07692307692307693	0.15384615384615385	0.3076923076923077
1705|0	0.5454545454545454	0.09090909090909091	0.030303030303030304	0.15151515151515152	0.18181818181818182
4868|0	0.30434782608695654	0.043478260869565216	0.2608695652173913	0.08695652173913043	0.30434782608695654
4895|0	0.24444444444444444	0.044444444444444446	0.2222222222222222	0.06666666666666667	0.4222222222222222
3137|0	0.4166666666666667	0.08333333333333333	0.16666666666666666	0.0	0.3333333333333333
4219|0	0.5	0.14285714285714285	0.03571428571428571	0.07142857142857142	0.25
2954|0	0.24444444444444444	0.15555555555555556	0.17777777777777778	0.13333333333333333	0.28888888888888886
4130|0	0.15	0.2	0.3	0.0	0.35
4529|0	0.34782608695652173	0.043478260869565216	0.17391304347826086	0.17391304347826086	0.2608695652173913
744|0	0.5	0.041666666666666664	0.125	0.0	0.3333333333333333
4104|0	0.3333333333333333	0.2	0.4	0.0	0.06666666666666667
3282|0	0.6774193548387096	0.03225806451612903	0.0967741935483871	0.06451612903225806	0.12903225806451613
2384|0	0.5	0.0	0.14705882352941177	0.14705882352941177	0.20588235294117646
4560|0	0.52	0.08	0.08	0.08	0.24
1113|0	0.6	0.07142857142857142	0.08571428571428572	0.04285714285714286	0.2
5066|0	0.3333333333333333	0.05128205128205128	0.20512820512820512	0.23076923076923078	0.1794871794871795
4466|0	0.37142857142857144	0.17142857142857143	0.08571428571428572	0.08571428571428572	0.2857142857142857
4507|0	0.4444444444444444	0.1111111111111111	0.05555555555555555	0.05555555555555555	0.3333333333333333
2640|0	0.2631578947368421	0.10526315789473684	0.2631578947368421	0.05263157894736842	0.3157894736842105
1497|0	0.4666666666666667	0.06666666666666667	0.26666666666666666	0.06666666666666667	0.13333333333333333
3856|0	0.3125	0.0625	0.1875	0.125	0.3125
774|0	0.47058823529411764	0.058823529411764705	0.058823529411764705	0.29411764705882354	0.11764705882352941
1018|0	0.38235294117647056	0.08823529411764706	0.23529411764705882	0.029411764705882353	0.2647058823529412
4932|0	0.2631578947368421	0.21052631578947367	0.10526315789473684	0.10526315789473684	0.3157894736842105
1653|0	0.3333333333333333	0.16666666666666666	0.08333333333333333	0.0	0.4166666666666667
1099|0	0.47619047619047616	0.09523809523809523	0.0	0.19047619047619047	0.23809523809523808
3414|0	0.32	0.12	0.08	0.04	0.44
4821|0	0.36363636363636365	0.18181818181818182	0.45454545454545453	0.0	0.0
3949|0	0.2857142857142857	0.08571428571428572	0.2	0.02857142857142857	0.4
2784|0	0.5294117647058824	0.0	0.058823529411764705	0.11764705882352941	0.29411764705882354
4476|0	0.47058823529411764	0.058823529411764705	0.058823529411764705	0.17647058823529413	0.23529411764705882
5236|0	0.13333333333333333	0.0	0.26666666666666666	0.26666666666666666	0.3333333333333333
4582|0	0.5714285714285714	0.07142857142857142	0.07142857142857142	0.21428571428571427	0.07142857142857142
3548|0	0.2727272727272727	0.15151515151515152	0.21212121212121213	0.06060606060606061	0.30303030303030304
3149|0	0.5	0.03333333333333333	0.06666666666666667	0.06666666666666667	0.3333333333333333
1796|0	0.25	0.1590909090909091	0.13636363636363635	0.0	0.45454545454545453
883|0	0.15151515151515152	0.09090909090909091	0.18181818181818182	0.18181818181818182	0.3939393939393939
4792|0	0.2727272727272727	0.18181818181818182	0.18181818181818182	0.09090909090909091	0.2727272727272727
2264|0	0.5416666666666666	0.125	0.08333333333333333	0.020833333333333332	0.22916666666666666
1236|0	0.2777777777777778	0.027777777777777776	0.25	0.25	0.19444444444444445
3033|0	0.52	0.0	0.16	0.2	0.12
3632|0	0.4074074074074074	0.037037037037037035	0.037037037037037035	0.18518518518518517	0.3333333333333333
3912|0	0.6190476190476191	0.09523809523809523	0.14285714285714285	0.0	0.14285714285714285
972|0	0.3888888888888889	0.1111111111111111	0.16666666666666666	0.0	0.3333333333333333
2119|0	0.36363636363636365	0.045454545454545456	0.3181818181818182	0.09090909090909091	0.18181818181818182
3781|0	0.3225806451612903	0.16129032258064516	0.3870967741935484	0.0	0.12903225806451613
3385|0	0.32558139534883723	0.046511627906976744	0.26744186046511625	0.20930232558139536	0.1511627906976744
4533|0	0.2631578947368421	0.05263157894736842	0.2631578947368421	0.05263157894736842	0.3684210526315789
2999|0	0.711864406779661	0.05084745762711865	0.06779661016949153	0.03389830508474576	0.13559322033898305
2770|0	0.5238095238095238	0.047619047619047616	0.14285714285714285	0.09523809523809523	0.19047619047619047
2682|0	0.4666666666666667	0.13333333333333333	0.0	0.06666666666666667	0.3333333333333333
2564|0	0.4074074074074074	0.0	0.1111111111111111	0.2962962962962963	0.18518518518518517
3573|0	0.36	0.12	0.0	0.4	0.12
2033|0	0.4583333333333333	0.20833333333333334	0.0	0.16666666666666666	0.16666666666666666
2189|0	0.42857142857142855	0.047619047619047616	0.14285714285714285	0.09523809523809523	0.2857142857142857
2886|0	0.4444444444444444	0.05555555555555555	0.05555555555555555	0.2222222222222222	0.2222222222222222
1615|0	0.5416666666666666	0.041666666666666664	0.125	0.16666666666666666	0.125
4103|0	0.5588235294117647	0.11764705882352941	0.029411764705882353	0.058823529411764705	0.23529411764705882
813|0	0.2727272727272727	0.06060606060606061	0.24242424242424243	0.15151515151515152	0.2727272727272727
5277|0	0.40625	0.21875	0.34375	0.0	0.03125
3416|0	0.48484848484848486	0.09090909090909091	0.06060606060606061	0.12121212121212122	0.24242424242424243
4662|0	0.4444444444444444	0.1111111111111111	0.0	0.05555555555555555	0.3888888888888889
2571|0	0.6363636363636364	0.0	0.09090909090909091	0.09090909090909091	0.18181818181818182
1892|0	0.3142857142857143	0.05714285714285714	0.2	0.17142857142857143	0.2571428571428571
1993|0	0.3157894736842105	0.05263157894736842	0.3157894736842105	0.2631578947368421	0.05263157894736842
892|0	0.5454545454545454	0.0	0.0	0.09090909090909091	0.36363636363636365
970|0	0.5294117647058824	0.058823529411764705	0.23529411764705882	0.058823529411764705	0.11764705882352941
2899|0	0.39285714285714285	0.07142857142857142	0.17857142857142858	0.10714285714285714	0.25
4053|0	0.45161290322580644	0.06451612903225806	0.16129032258064516	0.06451612903225806	0.25806451612903225
1861|0	0.40540540540540543	0.16216216216216217	0.08108108108108109	0.02702702702702703	0.32432432432432434
1548|0	0.5135135135135135	0.02702702702702703	0.13513513513513514	0.08108108108108109	0.24324324324324326
1974|0	0.40476190476190477	0.0	0.19047619047619047	0.16666666666666666	0.23809523809523808
829|0	0.0	0.07692307692307693	0.46153846153846156	0.0	0.46153846153846156
4989|0	0.2857142857142857	0.14285714285714285	0.14285714285714285	0.0	0.42857142857142855
2104|0	0.4722222222222222	0.19444444444444445	0.16666666666666666	0.08333333333333333	0.08333333333333333
3001|0	0.25	0.15	0.15	0.05	0.4
3054|0	0.36363636363636365	0.0	0.18181818181818182	0.2727272727272727	0.18181818181818182
2347|0	0.33962264150943394	0.1320754716981132	0.20754716981132076	0.07547169811320754	0.24528301886792453
4513|0	0.6666666666666666	0.0	0.16666666666666666	0.0	0.16666666666666666
3299|0	0.7307692307692307	0.0	0.0	0.038461538461538464	0.23076923076923078
3449|0	0.3888888888888889	0.1111111111111111	0.05555555555555555	0.1111111111111111	0.3333333333333333
2404|0	0.2631578947368421	0.10526315789473684	0.15789473684210525	0.10526315789473684	0.3684210526315789
1259|0	0.56	0.0	0.16	0.0	0.28
3110|0	0.35714285714285715	0.14285714285714285	0.2857142857142857	0.07142857142857142	0.14285714285714285
2045|0	0.4	0.0	0.0	0.1	0.5
2718|0	0.46153846153846156	0.0	0.07692307692307693	0.23076923076923078	0.23076923076923078
2808|0	0.38461538461538464	0.15384615384615385	0.11538461538461539	0.038461538461538464	0.3076923076923077
4153|0	0.3888888888888889	0.1111111111111111	0.0	0.1111111111111111	0.3888888888888889
1963|0	0.5384615384615384	0.15384615384615385	0.07692307692307693	0.0	0.23076923076923078
1587|0	0.7272727272727273	0.0	0.13636363636363635	0.045454545454545456	0.09090909090909091
5068|0	0.3090909090909091	0.07272727272727272	0.18181818181818182	0.0	0.43636363636363634
3917|0	0.2777777777777778	0.05555555555555555	0.2222222222222222	0.05555555555555555	0.3888888888888889
4571|0	0.35555555555555557	0.022222222222222223	0.26666666666666666	0.044444444444444446	0.3111111111111111
2245|0	0.3958333333333333	0.10416666666666667	0.10416666666666667	0.020833333333333332	0.375
2229|0	0.2553191489361702	0.0425531914893617	0.23404255319148937	0.1702127659574468	0.2978723404255319
1167|0	0.28	0.1	0.18	0.08	0.36
2731|0	0.2962962962962963	0.14814814814814814	0.14814814814814814	0.1111111111111111	0.2962962962962963
1581|0	0.4411764705882353	0.11764705882352941	0.058823529411764705	0.11764705882352941	0.2647058823529412
3389|0	0.2916666666666667	0.041666666666666664	0.08333333333333333	0.20833333333333334	0.375
4660|0	0.5833333333333334	0.0	0.0	0.25	0.16666666666666666
5154|0	0.5135135135135135	0.02702702702702703	0.16216216216216217	0.05405405405405406	0.24324324324324326
2509|0	0.8235294117647058	0.0	0.0	0.0	0.17647058823529413
4583|0	0.37142857142857144	0.05714285714285714	0.2857142857142857	0.05714285714285714	0.22857142857142856
1073|0	0.3125	0.15625	0.0625	0.1875	0.28125
3846|0	0.3076923076923077	0.11538461538461539	0.34615384615384615	0.07692307692307693	0.15384615384615385
2857|0	0.36363636363636365	0.0	0.09090909090909091	0.09090909090909091	0.45454545454545453
3557|0	0.6875	0.0	0.125	0.0	0.1875
2566|0	0.4	0.2	0.0	0.13333333333333333	0.26666666666666666
1802|0	0.35	0.05	0.0	0.05	0.55
2388|0	0.48484848484848486	0.06060606060606061	0.12121212121212122	0.15151515151515152	0.18181818181818182
5030|0	0.5161290322580645	0.12903225806451613	0.16129032258064516	0.16129032258064516	0.03225806451612903
5013|0	0.4375	0.125	0.0625	0.125	0.25
1216|0	0.375	0.10416666666666667	0.125	0.14583333333333334	0.25
3823|0	0.3333333333333333	0.0	0.3333333333333333	0.13333333333333333	0.2
1896|0	0.5	0.08333333333333333	0.16666666666666666	0.041666666666666664	0.20833333333333334
4699|0	0.5	0.11538461538461539	0.19230769230769232	0.11538461538461539	0.07692307692307693
2372|0	0.18181818181818182	0.030303030303030304	0.36363636363636365	0.12121212121212122	0.30303030303030304
1415|0	0.6923076923076923	0.0	0.0	0.0	0.3076923076923077
4819|0	0.45714285714285713	0.02857142857142857	0.11428571428571428	0.14285714285714285	0.2571428571428571
4402|0	0.5384615384615384	0.11538461538461539	0.038461538461538464	0.15384615384615385	0.15384615384615385
2467|0	0.15	0.2	0.45	0.0	0.2
2663|0	0.3939393939393939	0.030303030303030304	0.06060606060606061	0.0	0.5151515151515151
4836|0	0.5454545454545454	0.0	0.2727272727272727	0.0	0.18181818181818182
3061|0	0.55	0.0	0.2	0.2	0.05
853|0	0.41025641025641024	0.07692307692307693	0.05128205128205128	0.20512820512820512	0.2564102564102564
4913|0	0.375	0.16666666666666666	0.2916666666666667	0.0	0.16666666666666666
833|0	0.5526315789473685	0.02631578947368421	0.2631578947368421	0.02631578947368421	0.13157894736842105
3380|0	0.2857142857142857	0.19047619047619047	0.09523809523809523	0.14285714285714285	0.2857142857142857
4920|0	0.2	0.13333333333333333	0.2	0.0	0.4666666666666667
1101|0	0.56	0.08	0.16	0.04	0.16
3172|0	0.4838709677419355	0.0	0.16129032258064516	0.1935483870967742	0.16129032258064516
2925|0	0.4838709677419355	0.0967741935483871	0.06451612903225806	0.16129032258064516	0.1935483870967742
740|0	0.30952380952380953	0.11904761904761904	0.19047619047619047	0.0	0.38095238095238093
3447|0	0.25	0.0	0.5	0.08333333333333333	0.16666666666666666
2040|0	0.3333333333333333	0.08333333333333333	0.16666666666666666	0.0	0.4166666666666667
4467|0	0.6111111111111112	0.05555555555555555	0.16666666666666666	0.0	0.16666666666666666
2332|0	0.45714285714285713	0.08571428571428572	0.08571428571428572	0.17142857142857143	0.2
2053|0	0.6666666666666666	0.0	0.09523809523809523	0.047619047619047616	0.19047619047619047
947|0	0.2727272727272727	0.045454545454545456	0.18181818181818182	0.18181818181818182	0.3181818181818182
5044|0	0.4166666666666667	0.125	0.20833333333333334	0.041666666666666664	0.20833333333333334
3703|0	0.4482758620689655	0.034482758620689655	0.1724137931034483	0.06896551724137931	0.27586206896551724
2227|0	0.4782608695652174	0.043478260869565216	0.08695652173913043	0.15217391304347827	0.2391304347826087
790|0	0.5588235294117647	0.029411764705882353	0.14705882352941177	0.11764705882352941	0.14705882352941177
4427|0	0.3404255319148936	0.1276595744680851	0.1276595744680851	0.06382978723404255	0.3404255319148936
1880|0	0.3225806451612903	0.06451612903225806	0.12903225806451613	0.1935483870967742	0.2903225806451613
5082|0	0.2857142857142857	0.047619047619047616	0.2857142857142857	0.0	0.38095238095238093
1173|0	0.3684210526315789	0.21052631578947367	0.0	0.10526315789473684	0.3157894736842105
1888|0	0.2	0.2	0.35	0.05	0.2
2195|0	0.2777777777777778	0.1111111111111111	0.05555555555555555	0.16666666666666666	0.3888888888888889
915|0	0.47058823529411764	0.0	0.35294117647058826	0.17647058823529413	0.0
4748|0	0.43243243243243246	0.13513513513513514	0.13513513513513514	0.02702702702702703	0.2702702702702703
3813|0	0.6	0.05	0.1	0.0	0.25
1552|0	0.4411764705882353	0.029411764705882353	0.11764705882352941	0.029411764705882353	0.38235294117647056
2854|0	0.44	0.08	0.16	0.16	0.16
3792|0	0.3333333333333333	0.16666666666666666	0.0	0.16666666666666666	0.3333333333333333
1831|0	0.625	0.041666666666666664	0.125	0.0	0.20833333333333334
4343|0	0.17647058823529413	0.11764705882352941	0.29411764705882354	0.058823529411764705	0.35294117647058826
3242|0	0.5263157894736842	0.0	0.10526315789473684	0.15789473684210525	0.21052631578947367
1907|0	0.5869565217391305	0.06521739130434782	0.10869565217391304	0.13043478260869565	0.10869565217391304
3574|0	0.1875	0.1875	0.125	0.0625	0.4375
4896|0	0.5714285714285714	0.08571428571428572	0.08571428571428572	0.05714285714285714	0.2
3312|0	0.25	0.125	0.2	0.025	0.4
930|0	0.3333333333333333	0.1111111111111111	0.1111111111111111	0.05555555555555555	0.3888888888888889
4358|0	0.36363636363636365	0.0	0.18181818181818182	0.09090909090909091	0.36363636363636365
2585|0	0.5	0.08333333333333333	0.16666666666666666	0.0	0.25
2514|0	0.36363636363636365	0.09090909090909091	0.09090909090909091	0.15151515151515152	0.30303030303030304
5178|0	0.47058823529411764	0.11764705882352941	0.058823529411764705	0.058823529411764705	0.29411764705882354
3532|0	0.1794871794871795	0.1794871794871795	0.1282051282051282	0.0	0.5128205128205128
1412|0	0.5	0.0625	0.09375	0.15625	0.1875
1155|0	0.3333333333333333	0.16666666666666666	0.16666666666666666	0.25	0.08333333333333333
5307|0	0.3684210526315789	0.0	0.10526315789473684	0.15789473684210525	0.3684210526315789
1541|0	0.42857142857142855	0.047619047619047616	0.047619047619047616	0.047619047619047616	0.42857142857142855
1607|0	0.5333333333333333	0.0	0.16666666666666666	0.1	0.2
3818|0	0.5	0.0	0.25	0.08333333333333333	0.16666666666666666
4805|0	0.4666666666666667	0.0	0.06666666666666667	0.13333333333333333	0.3333333333333333
4909|0	0.375	0.0625	0.125	0.1875	0.25
4921|0	0.15384615384615385	0.23076923076923078	0.15384615384615385	0.23076923076923078	0.23076923076923078
2625|0	0.25	0.05	0.15	0.1	0.45
4559|0	0.42424242424242425	0.0	0.21212121212121213	0.12121212121212122	0.24242424242424243
4514|0	0.6206896551724138	0.034482758620689655	0.10344827586206896	0.06896551724137931	0.1724137931034483
1125|0	0.36363636363636365	0.15151515151515152	0.09090909090909091	0.030303030303030304	0.36363636363636365
3806|0	0.4375	0.09375	0.1875	0.09375	0.1875
1699|0	0.3181818181818182	0.0	0.18181818181818182	0.18181818181818182	0.3181818181818182
1071|0	0.13793103448275862	0.06896551724137931	0.13793103448275862	0.1724137931034483	0.4827586206896552
4741|0	0.4444444444444444	0.027777777777777776	0.19444444444444445	0.08333333333333333	0.25
950|0	0.43478260869565216	0.21739130434782608	0.21739130434782608	0.0	0.13043478260869565
3705|0	0.5483870967741935	0.0967741935483871	0.0967741935483871	0.03225806451612903	0.22580645161290322
1019|0	0.35294117647058826	0.2647058823529412	0.20588235294117646	0.0	0.17647058823529413
5157|0	0.4878048780487805	0.0975609756097561	0.14634146341463414	0.07317073170731707	0.1951219512195122
4671|0	0.3055555555555556	0.08333333333333333	0.16666666666666666	0.027777777777777776	0.4166666666666667
2847|0	0.4482758620689655	0.0	0.20689655172413793	0.1724137931034483	0.1724137931034483
4378|0	0.5238095238095238	0.047619047619047616	0.07142857142857142	0.07142857142857142	0.2857142857142857
879|0	0.6666666666666666	0.0	0.0	0.25	0.08333333333333333
1194|0	0.34615384615384615	0.038461538461538464	0.19230769230769232	0.15384615384615385	0.2692307692307692
5103|0	0.4411764705882353	0.029411764705882353	0.23529411764705882	0.14705882352941177	0.14705882352941177
1673|0	0.2222222222222222	0.18518518518518517	0.2222222222222222	0.1111111111111111	0.25925925925925924
863|0	0.4772727272727273	0.06818181818181818	0.11363636363636363	0.09090909090909091	0.25
2337|0	0.3	0.05	0.15	0.15	0.35
4004|0	0.5555555555555556	0.0	0.05555555555555555	0.16666666666666666	0.2222222222222222
2760|0	0.5	0.125	0.0	0.0625	0.3125
3673|0	0.3448275862068966	0.10344827586206896	0.20689655172413793	0.13793103448275862	0.20689655172413793
1643|0	0.23076923076923078	0.07692307692307693	0.15384615384615385	0.07692307692307693	0.46153846153846156
2481|0	0.16666666666666666	0.0	0.4166666666666667	0.16666666666666666	0.25
2846|0	0.4	0.08	0.04	0.12	0.36
1833|0	0.5925925925925926	0.07407407407407407	0.14814814814814814	0.037037037037037035	0.14814814814814814
940|0	0.2647058823529412	0.08823529411764706	0.29411764705882354	0.058823529411764705	0.29411764705882354
5162|0	0.15789473684210525	0.05263157894736842	0.3157894736842105	0.0	0.47368421052631576
4047|0	0.4722222222222222	0.05555555555555555	0.1388888888888889	0.08333333333333333	0.25
3775|0	0.2962962962962963	0.1111111111111111	0.2222222222222222	0.18518518518518517	0.18518518518518517
1637|0	0.3333333333333333	0.0	0.16666666666666666	0.16666666666666666	0.3333333333333333
4687|0	0.4	0.06666666666666667	0.06666666666666667	0.03333333333333333	0.43333333333333335
4132|0	0.4444444444444444	0.05555555555555555	0.05555555555555555	0.1111111111111111	0.3333333333333333
1811|0	0.7333333333333333	0.0	0.2	0.0	0.06666666666666667
1728|0	0.42857142857142855	0.0	0.23809523809523808	0.19047619047619047	0.14285714285714285
3504|0	0.6538461538461539	0.15384615384615385	0.07692307692307693	0.07692307692307693	0.038461538461538464
2339|0	0.5151515151515151	0.09090909090909091	0.06060606060606061	0.15151515151515152	0.18181818181818182
2927|0	0.3333333333333333	0.13333333333333333	0.13333333333333333	0.13333333333333333	0.26666666666666666
3881|0	0.3225806451612903	0.16129032258064516	0.06451612903225806	0.12903225806451613	0.3225806451612903
3144|0	0.2702702702702703	0.13513513513513514	0.24324324324324326	0.0	0.35135135135135137
5274|0	0.375	0.125	0.0625	0.0	0.4375
1282|0	0.3684210526315789	0.0	0.34210526315789475	0.05263157894736842	0.23684210526315788
4303|0	0.45161290322580644	0.22580645161290322	0.0967741935483871	0.0	0.22580645161290322
3134|0	0.42105263157894735	0.15789473684210525	0.05263157894736842	0.2631578947368421	0.10526315789473684
1556|0	0.6923076923076923	0.0	0.0	0.0	0.3076923076923077
2725|0	0.3333333333333333	0.1111111111111111	0.16666666666666666	0.0	0.3888888888888889
4904|0	0.53125	0.03125	0.125	0.125	0.1875
1121|0	0.4642857142857143	0.0	0.14285714285714285	0.10714285714285714	0.2857142857142857
4955|0	0.3103448275862069	0.13793103448275862	0.13793103448275862	0.06896551724137931	0.3448275862068966
1416|0	0.3103448275862069	0.10344827586206896	0.2413793103448276	0.10344827586206896	0.2413793103448276
4031|0	0.125	0.125	0.4375	0.125	0.1875
2721|0	0.21212121212121213	0.09090909090909091	0.15151515151515152	0.06060606060606061	0.48484848484848486
1814|0	0.2857142857142857	0.05714285714285714	0.34285714285714286	0.05714285714285714	0.2571428571428571
1289|0	0.5555555555555556	0.037037037037037035	0.07407407407407407	0.1111111111111111	0.2222222222222222
2867|0	0.5333333333333333	0.06666666666666667	0.13333333333333333	0.13333333333333333	0.13333333333333333
2331|0	0.6875	0.0625	0.0	0.1875	0.0625
3590|0	0.29411764705882354	0.17647058823529413	0.23529411764705882	0.0	0.29411764705882354
3372|0	0.32142857142857145	0.10714285714285714	0.21428571428571427	0.07142857142857142	0.2857142857142857
2271|0	0.48	0.08	0.08	0.08	0.28
3074|0	0.3488372093023256	0.09302325581395349	0.13953488372093023	0.18604651162790697	0.23255813953488372
2341|0	0.40625	0.0	0.09375	0.0625	0.4375
4316|0	0.42105263157894735	0.10526315789473684	0.0	0.05263157894736842	0.42105263157894735
5135|0	0.5217391304347826	0.043478260869565216	0.21739130434782608	0.043478260869565216	0.17391304347826086
3893|0	0.25	0.25	0.125	0.041666666666666664	0.3333333333333333
2124|0	0.6521739130434783	0.0	0.2608695652173913	0.043478260869565216	0.043478260869565216
1285|0	0.38095238095238093	0.19047619047619047	0.047619047619047616	0.14285714285714285	0.23809523809523808
2758|0	0.2777777777777778	0.2222222222222222	0.2222222222222222	0.05555555555555555	0.2222222222222222
3247|0	0.5	0.03571428571428571	0.21428571428571427	0.07142857142857142	0.17857142857142858
3615|0	0.5161290322580645	0.03225806451612903	0.06451612903225806	0.06451612903225806	0.3225806451612903
3458|0	0.5833333333333334	0.0	0.08333333333333333	0.0	0.3333333333333333
1408|0	0.4864864864864865	0.05405405405405406	0.16216216216216217	0.05405405405405406	0.24324324324324326
3285|0	0.2631578947368421	0.2631578947368421	0.10526315789473684	0.10526315789473684	0.2631578947368421
5234|0	0.3157894736842105	0.10526315789473684	0.10526315789473684	0.0	0.47368421052631576
760|0	0.36	0.04	0.12	0.16	0.32
3158|0	0.36363636363636365	0.045454545454545456	0.18181818181818182	0.18181818181818182	0.22727272727272727
1743|0	0.4444444444444444	0.07407407407407407	0.07407407407407407	0.14814814814814814	0.25925925925925924
3853|0	0.3235294117647059	0.20588235294117646	0.14705882352941177	0.058823529411764705	0.2647058823529412
3268|0	0.21212121212121213	0.09090909090909091	0.21212121212121213	0.06060606060606061	0.42424242424242425
4383|0	0.7142857142857143	0.0	0.14285714285714285	0.0	0.14285714285714285
3990|0	0.35294117647058826	0.17647058823529413	0.23529411764705882	0.0	0.23529411764705882
3732|0	0.4166666666666667	0.16666666666666666	0.08333333333333333	0.16666666666666666	0.16666666666666666
3219|0	0.4583333333333333	0.125	0.125	0.0	0.2916666666666667
3528|0	0.1875	0.1875	0.125	0.1875	0.3125
3266|0	0.5	0.08333333333333333	0.1111111111111111	0.19444444444444445	0.1111111111111111
1901|0	0.23076923076923078	0.0	0.23076923076923078	0.038461538461538464	0.5
4578|0	0.4166666666666667	0.16666666666666666	0.08333333333333333	0.25	0.08333333333333333
3768|0	0.2777777777777778	0.0	0.1111111111111111	0.2222222222222222	0.3888888888888889
924|0	0.3076923076923077	0.038461538461538464	0.23076923076923078	0.07692307692307693	0.34615384615384615
4778|0	0.3870967741935484	0.0967741935483871	0.0967741935483871	0.06451612903225806	0.3548387096774194
2128|0	0.42857142857142855	0.07142857142857142	0.07142857142857142	0.0	0.42857142857142855
1384|0	0.36363636363636365	0.09090909090909091	0.09090909090909091	0.045454545454545456	0.4090909090909091
2120|0	0.4418604651162791	0.023255813953488372	0.3023255813953488	0.023255813953488372	0.20930232558139536
3914|0	0.21739130434782608	0.08695652173913043	0.1956521739130435	0.13043478260869565	0.3695652173913043
4607|0	0.3333333333333333	0.12121212121212122	0.24242424242424243	0.12121212121212122	0.18181818181818182
5123|0	0.5294117647058824	0.058823529411764705	0.08823529411764706	0.20588235294117646	0.11764705882352941
4206|0	0.30434782608695654	0.0	0.2608695652173913	0.30434782608695654	0.13043478260869565
2399|0	0.23809523809523808	0.21428571428571427	0.19047619047619047	0.023809523809523808	0.3333333333333333
3829|0	0.38461538461538464	0.07692307692307693	0.15384615384615385	0.07692307692307693	0.3076923076923077
4874|0	0.3448275862068966	0.10344827586206896	0.1724137931034483	0.1724137931034483	0.20689655172413793
1405|0	0.37142857142857144	0.11428571428571428	0.05714285714285714	0.05714285714285714	0.4
1577|0	0.34285714285714286	0.11428571428571428	0.2	0.11428571428571428	0.22857142857142856
3742|0	0.4583333333333333	0.16666666666666666	0.0625	0.020833333333333332	0.2916666666666667
5020|0	0.3333333333333333	0.14285714285714285	0.09523809523809523	0.047619047619047616	0.38095238095238093
2241|0	0.5806451612903226	0.06451612903225806	0.06451612903225806	0.06451612903225806	0.22580645161290322
2968|0	0.25	0.08333333333333333	0.16666666666666666	0.08333333333333333	0.4166666666666667
4438|0	0.6060606060606061	0.0	0.09090909090909091	0.030303030303030304	0.2727272727272727
4069|0	0.45454545454545453	0.06060606060606061	0.15151515151515152	0.06060606060606061	0.2727272727272727
4155|0	0.2564102564102564	0.15384615384615385	0.2564102564102564	0.02564102564102564	0.3076923076923077
4442|0	0.36666666666666664	0.06666666666666667	0.0	0.03333333333333333	0.5333333333333333
3278|0	0.2222222222222222	0.1111111111111111	0.18518518518518517	0.07407407407407407	0.4074074074074074
3578|0	0.3076923076923077	0.23076923076923078	0.15384615384615385	0.07692307692307693	0.23076923076923078
5302|0	0.15625	0.03125	0.09375	0.3125	0.40625
4633|0	0.4166666666666667	0.027777777777777776	0.05555555555555555	0.027777777777777776	0.4722222222222222
1063|0	0.25	0.05	0.3	0.0	0.4
3221|0	0.3870967741935484	0.03225806451612903	0.22580645161290322	0.16129032258064516	0.1935483870967742
4156|0	0.4222222222222222	0.044444444444444446	0.17777777777777778	0.2	0.15555555555555556
1513|0	0.15	0.2	0.4	0.0	0.25
2794|0	0.5416666666666666	0.0	0.041666666666666664	0.125	0.2916666666666667
2391|0	0.36585365853658536	0.07317073170731707	0.1951219512195122	0.12195121951219512	0.24390243902439024
2313|0	0.18181818181818182	0.18181818181818182	0.09090909090909091	0.5454545454545454	0.0
1396|0	0.30303030303030304	0.18181818181818182	0.0	0.06060606060606061	0.45454545454545453
4595|0	0.5227272727272727	0.022727272727272728	0.1590909090909091	0.11363636363636363	0.18181818181818182
1524|0	0.5161290322580645	0.06451612903225806	0.1935483870967742	0.12903225806451613	0.0967741935483871
1568|0	0.5	0.0	0.1111111111111111	0.05555555555555555	0.3333333333333333
3807|0	0.30434782608695654	0.08695652173913043	0.30434782608695654	0.13043478260869565	0.17391304347826086
2269|0	0.3333333333333333	0.13333333333333333	0.26666666666666666	0.06666666666666667	0.2
2280|0	0.46875	0.09375	0.0625	0.0625	0.3125
3317|0	0.26666666666666666	0.06666666666666667	0.26666666666666666	0.2	0.2
2681|0	0.4583333333333333	0.08333333333333333	0.125	0.08333333333333333	0.25
4369|0	0.4	0.2	0.2	0.06666666666666667	0.13333333333333333
4082|0	0.38461538461538464	0.07692307692307693	0.15384615384615385	0.15384615384615385	0.23076923076923078
4743|0	0.35135135135135137	0.10810810810810811	0.1891891891891892	0.0	0.35135135135135137
4981|0	0.5833333333333334	0.08333333333333333	0.08333333333333333	0.0	0.25
2521|0	0.38461538461538464	0.23076923076923078	0.15384615384615385	0.07692307692307693	0.15384615384615385
4796|0	0.2564102564102564	0.15384615384615385	0.10256410256410256	0.02564102564102564	0.46153846153846156
2743|0	0.44	0.04	0.16	0.12	0.24
4593|0	0.425531914893617	0.10638297872340426	0.1276595744680851	0.02127659574468085	0.3191489361702128
1354|0	0.4666666666666667	0.06666666666666667	0.13333333333333333	0.06666666666666667	0.26666666666666666
2275|0	0.5652173913043478	0.0	0.08695652173913043	0.08695652173913043	0.2608695652173913
4622|0	0.46875	0.0625	0.0625	0.1875	0.21875
1843|0	0.30303030303030304	0.12121212121212122	0.24242424242424243	0.030303030303030304	0.30303030303030304
3410|0	0.4782608695652174	0.043478260869565216	0.043478260869565216	0.17391304347826086	0.2608695652173913
1779|0	0.38461538461538464	0.07692307692307693	0.15384615384615385	0.07692307692307693	0.3076923076923077
1719|0	0.40540540540540543	0.05405405405405406	0.13513513513513514	0.08108108108108109	0.32432432432432434
1782|0	0.46153846153846156	0.07692307692307693	0.20512820512820512	0.05128205128205128	0.20512820512820512
2259|0	0.3076923076923077	0.07692307692307693	0.0	0.23076923076923078	0.38461538461538464
2123|0	0.3333333333333333	0.08333333333333333	0.08333333333333333	0.16666666666666666	0.3333333333333333
2273|0	0.46153846153846156	0.07692307692307693	0.3076923076923077	0.0	0.15384615384615385
4984|0	0.22580645161290322	0.0967741935483871	0.1935483870967742	0.0967741935483871	0.3870967741935484
2799|0	0.21739130434782608	0.08695652173913043	0.13043478260869565	0.34782608695652173	0.21739130434782608
5288|0	0.5384615384615384	0.07692307692307693	0.38461538461538464	0.0	0.0
1323|0	0.2	0.17142857142857143	0.17142857142857143	0.11428571428571428	0.34285714285714286
2767|0	0.32432432432432434	0.0	0.32432432432432434	0.02702702702702703	0.32432432432432434
3104|0	0.46153846153846156	0.0	0.15384615384615385	0.0	0.38461538461538464
2202|0	0.09090909090909091	0.030303030303030304	0.24242424242424243	0.0	0.6363636363636364
4754|0	0.375	0.0625	0.125	0.09375	0.34375
2730|0	0.375	0.0625	0.1875	0.125	0.25
1296|0	0.32727272727272727	0.10909090909090909	0.16363636363636364	0.12727272727272726	0.2727272727272727
1404|0	0.38461538461538464	0.0	0.038461538461538464	0.07692307692307693	0.5
3811|0	0.39473684210526316	0.0	0.21052631578947367	0.23684210526315788	0.15789473684210525
2752|0	0.17647058823529413	0.17647058823529413	0.4117647058823529	0.0	0.23529411764705882
2201|0	0.5142857142857142	0.05714285714285714	0.2571428571428571	0.08571428571428572	0.08571428571428572
4066|0	0.5333333333333333	0.06666666666666667	0.13333333333333333	0.13333333333333333	0.13333333333333333
4859|0	0.37777777777777777	0.0	0.15555555555555556	0.2	0.26666666666666666
2764|0	0.3	0.15	0.15	0.0	0.4
4802|0	0.4583333333333333	0.125	0.16666666666666666	0.0	0.25
1706|0	0.2857142857142857	0.14285714285714285	0.07142857142857142	0.0	0.5
4387|0	0.6923076923076923	0.15384615384615385	0.07692307692307693	0.0	0.07692307692307693
3873|0	0.6111111111111112	0.05555555555555555	0.1111111111111111	0.05555555555555555	0.16666666666666666
4109|0	0.2894736842105263	0.13157894736842105	0.2631578947368421	0.0	0.3157894736842105
4706|0	0.3939393939393939	0.030303030303030304	0.0	0.15151515151515152	0.42424242424242425
4086|0	0.23809523809523808	0.09523809523809523	0.09523809523809523	0.09523809523809523	0.47619047619047616
3642|0	0.34782608695652173	0.043478260869565216	0.17391304347826086	0.043478260869565216	0.391304347826087
2759|0	0.47368421052631576	0.05263157894736842	0.0	0.05263157894736842	0.42105263157894735
4923|0	0.46153846153846156	0.0	0.07692307692307693	0.3076923076923077	0.15384615384615385
2454|0	0.43478260869565216	0.08695652173913043	0.21739130434782608	0.043478260869565216	0.21739130434782608
1696|0	0.40625	0.09375	0.125	0.125	0.25
1242|0	0.41935483870967744	0.0967741935483871	0.0967741935483871	0.16129032258064516	0.22580645161290322
2740|0	0.42857142857142855	0.047619047619047616	0.23809523809523808	0.09523809523809523	0.19047619047619047
3038|0	0.2916666666666667	0.041666666666666664	0.041666666666666664	0.041666666666666664	0.5833333333333334
909|0	0.5	0.03333333333333333	0.16666666666666666	0.13333333333333333	0.16666666666666666
4731|0	0.4444444444444444	0.05555555555555555	0.19444444444444445	0.05555555555555555	0.25
2543|0	0.3333333333333333	0.0392156862745098	0.19607843137254902	0.13725490196078433	0.29411764705882354
1949|0	0.2222222222222222	0.08333333333333333	0.2222222222222222	0.1111111111111111	0.3611111111111111
1223|0	0.45161290322580644	0.03225806451612903	0.1935483870967742	0.12903225806451613	0.1935483870967742
2508|0	0.375	0.16666666666666666	0.08333333333333333	0.041666666666666664	0.3333333333333333
841|0	0.3333333333333333	0.1111111111111111	0.25925925925925924	0.14814814814814814	0.14814814814814814
1029|0	0.26666666666666666	0.2	0.3333333333333333	0.06666666666666667	0.13333333333333333
1562|0	0.3448275862068966	0.034482758620689655	0.41379310344827586	0.10344827586206896	0.10344827586206896
3835|0	0.3333333333333333	0.0	0.1111111111111111	0.25	0.3055555555555556
2822|0	0.35714285714285715	0.10714285714285714	0.14285714285714285	0.10714285714285714	0.2857142857142857
3023|0	0.5454545454545454	0.045454545454545456	0.09090909090909091	0.18181818181818182	0.13636363636363635
2788|0	0.6521739130434783	0.043478260869565216	0.17391304347826086	0.043478260869565216	0.08695652173913043
4265|0	0.3076923076923077	0.07692307692307693	0.15384615384615385	0.15384615384615385	0.3076923076923077
2959|0	0.3888888888888889	0.1111111111111111	0.16666666666666666	0.05555555555555555	0.2777777777777778
5034|0	0.46153846153846156	0.07692307692307693	0.19230769230769232	0.07692307692307693	0.19230769230769232
4515|0	0.375	0.041666666666666664	0.125	0.125	0.3333333333333333
4986|0	0.5555555555555556	0.1111111111111111	0.2777777777777778	0.0	0.05555555555555555
2492|0	0.2727272727272727	0.11363636363636363	0.13636363636363635	0.045454545454545456	0.4318181818181818
2181|0	0.5333333333333333	0.0	0.0	0.13333333333333333	0.3333333333333333
1021|0	0.55	0.1	0.0	0.2	0.15
3751|0	0.5714285714285714	0.0	0.17857142857142858	0.07142857142857142	0.17857142857142858
3583|0	0.4375	0.020833333333333332	0.16666666666666666	0.020833333333333332	0.3541666666666667
1614|0	0.5	0.07142857142857142	0.0	0.0	0.42857142857142855
5131|0	0.08333333333333333	0.16666666666666666	0.16666666666666666	0.08333333333333333	0.5
982|0	0.47058823529411764	0.11764705882352941	0.29411764705882354	0.029411764705882353	0.08823529411764706
869|0	0.3333333333333333	0.14814814814814814	0.3333333333333333	0.0	0.18518518518518517
5031|0	0.2916666666666667	0.16666666666666666	0.2916666666666667	0.08333333333333333	0.16666666666666666
2276|0	0.25	0.07142857142857142	0.03571428571428571	0.03571428571428571	0.6071428571428571
4110|0	0.48484848484848486	0.0	0.12121212121212122	0.030303030303030304	0.36363636363636365
2706|0	0.26666666666666666	0.26666666666666666	0.13333333333333333	0.2	0.13333333333333333
5286|0	0.2962962962962963	0.1111111111111111	0.14814814814814814	0.0	0.4444444444444444
5170|0	0.34782608695652173	0.08695652173913043	0.21739130434782608	0.0	0.34782608695652173
2065|0	0.3695652173913043	0.043478260869565216	0.15217391304347827	0.10869565217391304	0.32608695652173914
1724|0	0.40625	0.0625	0.125	0.1875	0.21875
1931|0	0.42857142857142855	0.11428571428571428	0.08571428571428572	0.17142857142857143	0.2
4643|0	0.4411764705882353	0.11764705882352941	0.058823529411764705	0.20588235294117646	0.17647058823529413
3215|0	0.1956521739130435	0.08695652173913043	0.1956521739130435	0.08695652173913043	0.43478260869565216
4591|0	0.3125	0.0625	0.1875	0.1875	0.25
3942|0	0.07142857142857142	0.14285714285714285	0.35714285714285715	0.0	0.42857142857142855
1258|0	0.35714285714285715	0.14285714285714285	0.09523809523809523	0.047619047619047616	0.35714285714285715
1640|0	0.4	0.16	0.08	0.12	0.24
4024|0	0.36363636363636365	0.0	0.045454545454545456	0.2727272727272727	0.3181818181818182
4839|0	0.2777777777777778	0.1111111111111111	0.19444444444444445	0.027777777777777776	0.3888888888888889
5242|0	0.48484848484848486	0.06060606060606061	0.18181818181818182	0.030303030303030304	0.24242424242424243
2627|0	0.30952380952380953	0.11904761904761904	0.16666666666666666	0.07142857142857142	0.3333333333333333
2386|0	0.45454545454545453	0.13636363636363635	0.09090909090909091	0.045454545454545456	0.2727272727272727
1600|0	0.19047619047619047	0.14285714285714285	0.23809523809523808	0.0	0.42857142857142855
4929|0	0.35294117647058826	0.23529411764705882	0.11764705882352941	0.0	0.29411764705882354
2853|0	0.13636363636363635	0.3181818181818182	0.13636363636363635	0.09090909090909091	0.3181818181818182
2809|0	0.2777777777777778	0.1111111111111111	0.1388888888888889	0.1388888888888889	0.3333333333333333
1122|0	0.42857142857142855	0.047619047619047616	0.23809523809523808	0.23809523809523808	0.047619047619047616
1362|0	0.5555555555555556	0.037037037037037035	0.18518518518518517	0.037037037037037035	0.18518518518518517
5143|0	0.3333333333333333	0.06666666666666667	0.1	0.03333333333333333	0.4666666666666667
2019|0	0.46153846153846156	0.15384615384615385	0.23076923076923078	0.0	0.15384615384615385
2972|0	0.3333333333333333	0.09523809523809523	0.047619047619047616	0.19047619047619047	0.3333333333333333
5191|0	0.3488372093023256	0.09302325581395349	0.20930232558139536	0.023255813953488372	0.32558139534883723
3637|0	0.1702127659574468	0.10638297872340426	0.3404255319148936	0.1276595744680851	0.2553191489361702
1914|0	0.5454545454545454	0.0	0.09090909090909091	0.0	0.36363636363636365
1757|0	0.25	0.16666666666666666	0.16666666666666666	0.0	0.4166666666666667
3182|0	0.2857142857142857	0.0	0.047619047619047616	0.09523809523809523	0.5714285714285714
2147|0	0.6071428571428571	0.03571428571428571	0.17857142857142858	0.03571428571428571	0.14285714285714285
3691|0	0.35294117647058826	0.029411764705882353	0.23529411764705882	0.11764705882352941	0.2647058823529412
4794|0	0.5588235294117647	0.029411764705882353	0.17647058823529413	0.11764705882352941	0.11764705882352941
3286|0	0.5	0.0	0.3333333333333333	0.0	0.16666666666666666
3429|0	0.47368421052631576	0.05263157894736842	0.10526315789473684	0.10526315789473684	0.2631578947368421
3926|0	0.3076923076923077	0.15384615384615385	0.3076923076923077	0.0	0.23076923076923078
436|1	0.6666666666666666	0.0	0.3333333333333333	0.0	0.0
18|1	0.5	0.125	0.125	0.0	0.25
249|1	0.5384615384615384	0.07692307692307693	0.3076923076923077	0.07692307692307693	0.0
353|1	0.4	0.2	0.06666666666666667	0.06666666666666667	0.26666666666666666
551|1	0.15384615384615385	0.15384615384615385	0.15384615384615385	0.07692307692307693	0.46153846153846156
52|1	0.0	0.37037037037037035	0.48148148148148145	0.0	0.14814814814814814
298|1	0.6153846153846154	0.07692307692307693	0.3076923076923077	0.0	0.0
41|1	0.4	0.2	0.35	0.0	0.05
354|1	0.5	0.08333333333333333	0.3333333333333333	0.0	0.08333333333333333
655|1	0.5	0.0	0.25	0.0	0.25
493|1	0.24444444444444444	0.044444444444444446	0.2222222222222222	0.06666666666666667	0.4222222222222222
113|1	0.4666666666666667	0.06666666666666667	0.4	0.0	0.06666666666666667
680|1	0.4	0.2	0.4	0.0	0.0
144|1	0.3888888888888889	0.05555555555555555	0.16666666666666666	0.027777777777777776	0.3611111111111111
666|1	0.6153846153846154	0.0	0.38461538461538464	0.0	0.0
230|1	0.46153846153846156	0.15384615384615385	0.15384615384615385	0.15384615384615385	0.07692307692307693
595|1	0.5517241379310345	0.0	0.2413793103448276	0.034482758620689655	0.1724137931034483
366|1	0.2727272727272727	0.36363636363636365	0.36363636363636365	0.0	0.0
212|1	0.2857142857142857	0.21428571428571427	0.42857142857142855	0.0	0.07142857142857142
637|1	0.07692307692307693	0.3076923076923077	0.23076923076923078	0.0	0.38461538461538464
413|1	0.6363636363636364	0.09090909090909091	0.2727272727272727	0.0	0.0
597|1	0.4444444444444444	0.05555555555555555	0.5	0.0	0.0
546|1	0.6875	0.0625	0.125	0.0625	0.0625
610|1	0.2777777777777778	0.2222222222222222	0.4444444444444444	0.0	0.05555555555555555
121|1	0.36363636363636365	0.36363636363636365	0.18181818181818182	0.0	0.09090909090909091
115|1	0.29411764705882354	0.058823529411764705	0.23529411764705882	0.058823529411764705	0.35294117647058826
692|1	0.4090909090909091	0.09090909090909091	0.5	0.0	0.0
673|1	0.4166666666666667	0.08333333333333333	0.5	0.0	0.0
410|1	0.2608695652173913	0.17391304347826086	0.5217391304347826	0.0	0.043478260869565216
481|1	0.75	0.0625	0.0625	0.0625	0.0625
407|1	0.48	0.08	0.4	0.0	0.04
220|1	0.5909090909090909	0.13636363636363635	0.2727272727272727	0.0	0.0
189|1	0.5454545454545454	0.0	0.2727272727272727	0.09090909090909091	0.09090909090909091
536|1	0.6666666666666666	0.0	0.09523809523809523	0.0	0.23809523809523808
88|1	0.29411764705882354	0.23529411764705882	0.4117647058823529	0.0	0.058823529411764705
86|1	0.4444444444444444	0.16666666666666666	0.3333333333333333	0.0	0.05555555555555555
469|1	0.65	0.0	0.0	0.0	0.35
653|1	0.3333333333333333	0.3333333333333333	0.08333333333333333	0.16666666666666666	0.08333333333333333
85|1	0.5	0.0	0.5	0.0	0.0
598|1	0.6153846153846154	0.15384615384615385	0.15384615384615385	0.0	0.07692307692307693
147|1	0.25	0.3333333333333333	0.16666666666666666	0.16666666666666666	0.08333333333333333
50|1	0.6470588235294118	0.0	0.35294117647058826	0.0	0.0
630|1	0.2127659574468085	0.06382978723404255	0.19148936170212766	0.06382978723404255	0.46808510638297873
203|1	0.75	0.0625	0.125	0.0	0.0625
93|1	0.4444444444444444	0.037037037037037035	0.4074074074074074	0.0	0.1111111111111111
672|1	0.16666666666666666	0.25	0.4166666666666667	0.0	0.16666666666666666
259|1	0.5714285714285714	0.14285714285714285	0.2857142857142857	0.0	0.0
724|1	0.5333333333333333	0.06666666666666667	0.2	0.06666666666666667	0.13333333333333333
650|1	0.3333333333333333	0.25	0.08333333333333333	0.16666666666666666	0.16666666666666666
519|1	0.5	0.08333333333333333	0.4166666666666667	0.0	0.0
508|1	0.5238095238095238	0.047619047619047616	0.3333333333333333	0.0	0.09523809523809523
574|1	0.42857142857142855	0.14285714285714285	0.42857142857142855	0.0	0.0
587|1	0.5333333333333333	0.06666666666666667	0.3333333333333333	0.0	0.06666666666666667
562|1	0.5294117647058824	0.0	0.47058823529411764	0.0	0.0
514|1	0.34782608695652173	0.08695652173913043	0.5217391304347826	0.0	0.043478260869565216
71|1	0.15384615384615385	0.38461538461538464	0.3076923076923077	0.0	0.15384615384615385
575|1	0.5333333333333333	0.06666666666666667	0.3333333333333333	0.0	0.06666666666666667
328|1	0.6923076923076923	0.0	0.3076923076923077	0.0	0.0
199|1	0.5357142857142857	0.03571428571428571	0.14285714285714285	0.07142857142857142	0.21428571428571427
59|1	0.5384615384615384	0.038461538461538464	0.38461538461538464	0.038461538461538464	0.0
474|1	0.5714285714285714	0.07142857142857142	0.35714285714285715	0.0	0.0
435|1	0.6363636363636364	0.0	0.0	0.0	0.36363636363636365
533|1	0.6875	0.0625	0.125	0.0625	0.0625
21|1	0.4	0.1	0.5	0.0	0.0
557|1	0.6153846153846154	0.07692307692307693	0.3076923076923077	0.0	0.0
257|1	0.29411764705882354	0.17647058823529413	0.47058823529411764	0.0	0.058823529411764705
499|1	0.5	0.0	0.5	0.0	0.0
404|1	0.5384615384615384	0.07692307692307693	0.3076923076923077	0.0	0.07692307692307693
79|1	0.3384615384615385	0.1076923076923077	0.16923076923076924	0.09230769230769231	0.2923076923076923
150|1	0.44	0.04	0.2	0.04	0.28
721|1	0.5526315789473685	0.05263157894736842	0.23684210526315788	0.05263157894736842	0.10526315789473684
109|1	0.6923076923076923	0.07692307692307693	0.07692307692307693	0.0	0.15384615384615385
273|1	0.48484848484848486	0.09090909090909091	0.06060606060606061	0.030303030303030304	0.3333333333333333
218|1	0.5714285714285714	0.0	0.42857142857142855	0.0	0.0
157|1	0.23333333333333334	0.1	0.03333333333333333	0.06666666666666667	0.5666666666666667
720|1	0.48717948717948717	0.02564102564102564	0.20512820512820512	0.05128205128205128	0.23076923076923078
171|1	0.5789473684210527	0.05263157894736842	0.3684210526315789	0.0	0.0
431|1	0.46153846153846156	0.23076923076923078	0.15384615384615385	0.0	0.15384615384615385
244|1	0.4	0.06666666666666667	0.03333333333333333	0.03333333333333333	0.4666666666666667
197|1	0.625	0.0625	0.1875	0.0625	0.0625
628|1	0.5625	0.1875	0.25	0.0	0.0
607|1	0.5	0.08333333333333333	0.3333333333333333	0.0	0.08333333333333333
524|1	0.5	0.0625	0.0625	0.1875	0.1875
427|1	0.2391304347826087	0.06521739130434782	0.1956521739130435	0.043478260869565216	0.45652173913043476
351|1	0.2857142857142857	0.07142857142857142	0.03571428571428571	0.10714285714285714	0.5
418|1	0.3076923076923077	0.11538461538461539	0.3076923076923077	0.0	0.2692307692307692
675|1	0.4782608695652174	0.043478260869565216	0.4782608695652174	0.0	0.0
577|1	0.3103448275862069	0.06896551724137931	0.034482758620689655	0.034482758620689655	0.5517241379310345
669|1	0.5	0.08333333333333333	0.3333333333333333	0.0	0.08333333333333333
543|1	0.25	0.25	0.08333333333333333	0.25	0.16666666666666666
490|1	0.5625	0.0625	0.25	0.0625	0.0625
521|1	0.6875	0.0625	0.125	0.0625	0.0625
670|1	0.2222222222222222	0.2222222222222222	0.4444444444444444	0.0	0.1111111111111111
409|1	0.5333333333333333	0.06666666666666667	0.4	0.0	0.0
584|1	0.5	0.08333333333333333	0.3333333333333333	0.0	0.08333333333333333
130|1	0.5652173913043478	0.043478260869565216	0.391304347826087	0.0	0.0
306|1	0.5	0.21428571428571427	0.2857142857142857	0.0	0.0
484|1	0.3888888888888889	0.2222222222222222	0.3333333333333333	0.0	0.05555555555555555
368|1	0.5384615384615384	0.038461538461538464	0.38461538461538464	0.038461538461538464	0.0
34|1	0.36363636363636365	0.09090909090909091	0.15151515151515152	0.030303030303030304	0.36363636363636365
269|1	0.4827586206896552	0.06896551724137931	0.20689655172413793	0.034482758620689655	0.20689655172413793
19|1	0.5	0.125	0.08333333333333333	0.0	0.2916666666666667
207|1	0.4444444444444444	0.0	0.0	0.0	0.5555555555555556
302|1	0.25	0.3333333333333333	0.16666666666666666	0.16666666666666666	0.08333333333333333
693|1	0.6153846153846154	0.07692307692307693	0.3076923076923077	0.0	0.0
634|1	0.5	0.0625	0.3125	0.125	0.0
303|1	0.6153846153846154	0.07692307692307693	0.3076923076923077	0.0	0.0
39|1	0.5925925925925926	0.037037037037037035	0.14814814814814814	0.037037037037037035	0.18518518518518517
76|1	0.38095238095238093	0.2857142857142857	0.3333333333333333	0.0	0.0
603|1	0.43333333333333335	0.06666666666666667	0.06666666666666667	0.06666666666666667	0.36666666666666664
192|1	0.3076923076923077	0.11538461538461539	0.3076923076923077	0.0	0.2692307692307692
622|1	0.5294117647058824	0.11764705882352941	0.29411764705882354	0.0	0.058823529411764705
315|1	0.64	0.04	0.16	0.04	0.12
205|1	0.75	0.0	0.125	0.0	0.125
369|1	0.2962962962962963	0.1111111111111111	0.37037037037037035	0.1111111111111111	0.1111111111111111
94|1	0.4375	0.0625	0.3125	0.0	0.1875
118|1	0.5294117647058824	0.17647058823529413	0.058823529411764705	0.0	0.23529411764705882
671|1	0.25925925925925924	0.25925925925925924	0.25925925925925924	0.07407407407407407	0.14814814814814814
183|1	0.5833333333333334	0.08333333333333333	0.3333333333333333	0.0	0.0
425|1	0.5652173913043478	0.043478260869565216	0.391304347826087	0.0	0.0
146|1	0.6666666666666666	0.09523809523809523	0.14285714285714285	0.047619047619047616	0.047619047619047616
319|1	0.46153846153846156	0.15384615384615385	0.15384615384615385	0.15384615384615385	0.07692307692307693
110|1	0.5454545454545454	0.09090909090909091	0.36363636363636365	0.0	0.0
604|1	0.5833333333333334	0.08333333333333333	0.25	0.0	0.08333333333333333
253|1	0.45	0.15	0.1	0.0	0.3
201|1	0.35	0.1	0.2	0.0	0.35
698|1	0.6923076923076923	0.0	0.3076923076923077	0.0	0.0
90|1	0.45	0.2	0.35	0.0	0.0
651|1	0.6086956521739131	0.043478260869565216	0.13043478260869565	0.0	0.21739130434782608
378|1	0.32142857142857145	0.10714285714285714	0.07142857142857142	0.07142857142857142	0.42857142857142855
196|1	0.48484848484848486	0.030303030303030304	0.3939393939393939	0.030303030303030304	0.06060606060606061
585|1	0.5757575757575758	0.030303030303030304	0.15151515151515152	0.06060606060606061	0.18181818181818182
629|1	0.8	0.0	0.0	0.0	0.2
308|1	0.5	0.08333333333333333	0.3333333333333333	0.0	0.08333333333333333
625|1	0.09090909090909091	0.09090909090909091	0.7272727272727273	0.0	0.09090909090909091
620|1	0.3076923076923077	0.15384615384615385	0.38461538461538464	0.07692307692307693	0.07692307692307693
142|1	0.3125	0.1875	0.4375	0.0	0.0625
338|1	0.7058823529411765	0.0	0.29411764705882354	0.0	0.0
35|1	0.2857142857142857	0.21428571428571427	0.42857142857142855	0.0	0.07142857142857142
537|1	0.36363636363636365	0.36363636363636365	0.2727272727272727	0.0	0.0
335|1	0.45	0.2	0.35	0.0	0.0
422|1	0.45	0.15	0.15	0.1	0.15
329|1	0.45	0.15	0.4	0.0	0.0
295|1	0.3333333333333333	0.06666666666666667	0.06666666666666667	0.03333333333333333	0.5
159|1	0.6875	0.0625	0.125	0.0625	0.0625
690|1	0.26666666666666666	0.2	0.2	0.0	0.3333333333333333
665|1	0.5	0.125	0.16666666666666666	0.0	0.20833333333333334
613|1	0.6923076923076923	0.0	0.3076923076923077	0.0	0.0
160|1	0.0	0.35714285714285715	0.42857142857142855	0.0	0.21428571428571427
643|1	0.5625	0.0625	0.375	0.0	0.0
255|1	0.38461538461538464	0.0	0.3076923076923077	0.07692307692307693	0.23076923076923078
24|1	0.5882352941176471	0.11764705882352941	0.058823529411764705	0.0	0.23529411764705882
301|1	0.5833333333333334	0.08333333333333333	0.25	0.0	0.08333333333333333
182|1	0.4375	0.125	0.25	0.0	0.1875
1|1	0.23529411764705882	0.23529411764705882	0.47058823529411764	0.0	0.058823529411764705
534|1	0.38461538461538464	0.3076923076923077	0.15384615384615385	0.0	0.15384615384615385
167|1	0.4166666666666667	0.16666666666666666	0.3333333333333333	0.0	0.08333333333333333
727|1	0.3076923076923077	0.11538461538461539	0.3076923076923077	0.0	0.2692307692307692
429|1	0.3888888888888889	0.2222222222222222	0.3333333333333333	0.0	0.05555555555555555
347|1	0.38461538461538464	0.15384615384615385	0.07692307692307693	0.0	0.38461538461538464
87|1	0.6	0.06666666666666667	0.3333333333333333	0.0	0.0
200|1	0.275	0.1	0.0	0.025	0.6
279|1	0.47619047619047616	0.09523809523809523	0.42857142857142855	0.0	0.0
730|1	0.44	0.04	0.16	0.0	0.36
722|1	0.43333333333333335	0.03333333333333333	0.36666666666666664	0.1	0.06666666666666667
137|1	0.25925925925925924	0.18518518518518517	0.25925925925925924	0.07407407407407407	0.2222222222222222
284|1	0.18181818181818182	0.18181818181818182	0.09090909090909091	0.09090909090909091	0.45454545454545453
264|1	0.3888888888888889	0.0	0.4444444444444444	0.0	0.16666666666666666
211|1	0.5	0.08333333333333333	0.3333333333333333	0.0	0.08333333333333333
711|1	0.3333333333333333	0.3333333333333333	0.08333333333333333	0.16666666666666666	0.08333333333333333
293|1	0.32	0.12	0.18	0.06	0.32
30|1	0.6923076923076923	0.07692307692307693	0.07692307692307693	0.0	0.15384615384615385
177|1	0.2727272727272727	0.09090909090909091	0.4090909090909091	0.045454545454545456	0.18181818181818182
263|1	0.5238095238095238	0.09523809523809523	0.09523809523809523	0.0	0.2857142857142857
185|1	0.5384615384615384	0.15384615384615385	0.15384615384615385	0.0	0.15384615384615385
570|1	0.6923076923076923	0.038461538461538464	0.15384615384615385	0.038461538461538464	0.07692307692307693
532|1	0.4166666666666667	0.16666666666666666	0.3333333333333333	0.0	0.08333333333333333
448|1	0.2608695652173913	0.06521739130434782	0.15217391304347827	0.043478260869565216	0.4782608695652174
688|1	0.4782608695652174	0.08695652173913043	0.30434782608695654	0.043478260869565216	0.08695652173913043
554|1	0.5833333333333334	0.08333333333333333	0.3333333333333333	0.0	0.0
242|1	0.3333333333333333	0.25	0.16666666666666666	0.16666666666666666	0.08333333333333333
566|1	0.34375	0.0625	0.03125	0.03125	0.53125
138|1	0.5428571428571428	0.05714285714285714	0.2571428571428571	0.05714285714285714	0.08571428571428572
32|1	0.3103448275862069	0.034482758620689655	0.034482758620689655	0.034482758620689655	0.5862068965517241
377|1	0.625	0.0625	0.3125	0.0	0.0
61|1	0.5625	0.0625	0.3125	0.0	0.0625
80|1	0.5882352941176471	0.0	0.0	0.0	0.4117647058823529
482|1	0.4117647058823529	0.11764705882352941	0.29411764705882354	0.0	0.17647058823529413
337|1	0.2413793103448276	0.10344827586206896	0.034482758620689655	0.034482758620689655	0.5862068965517241
719|1	0.3076923076923077	0.11538461538461539	0.3076923076923077	0.0	0.2692307692307692
623|1	0.1875	0.1875	0.4375	0.0	0.1875
7|1	0.3448275862068966	0.0	0.41379310344827586	0.13793103448275862	0.10344827586206896
642|1	0.4666666666666667	0.06666666666666667	0.4	0.0	0.06666666666666667
511|1	0.5882352941176471	0.058823529411764705	0.17647058823529413	0.058823529411764705	0.11764705882352941
694|1	0.5333333333333333	0.06666666666666667	0.3333333333333333	0.0	0.06666666666666667
388|1	0.5	0.03571428571428571	0.17857142857142858	0.07142857142857142	0.21428571428571427
48|1	0.5	0.16666666666666666	0.3333333333333333	0.0	0.0
715|1	0.47058823529411764	0.11764705882352941	0.29411764705882354	0.0	0.11764705882352941
496|1	0.6875	0.0625	0.125	0.0625	0.0625
365|1	0.26666666666666666	0.06666666666666667	0.03333333333333333	0.06666666666666667	0.5666666666666667
712|1	0.35	0.0	0.0	0.0	0.65
170|1	0.5789473684210527	0.05263157894736842	0.3684210526315789	0.0	0.0
616|1	0.6153846153846154	0.07692307692307693	0.3076923076923077	0.0	0.0
681|1	0.38095238095238093	0.047619047619047616	0.3333333333333333	0.0	0.23809523809523808
457|1	0.625	0.041666666666666664	0.25	0.0	0.08333333333333333
28|1	0.2777777777777778	0.1111111111111111	0.16666666666666666	0.027777777777777776	0.4166666666666667
44|1	0.3888888888888889	0.2222222222222222	0.3333333333333333	0.0	0.05555555555555555
495|1	0.5625	0.0625	0.375	0.0	0.0
658|1	0.18181818181818182	0.18181818181818182	0.6363636363636364	0.0	0.0
67|1	0.5882352941176471	0.058823529411764705	0.35294117647058826	0.0	0.0
70|1	0.46153846153846156	0.07692307692307693	0.46153846153846156	0.0	0.0
505|1	0.5652173913043478	0.043478260869565216	0.391304347826087	0.0	0.0
326|1	0.5652173913043478	0.043478260869565216	0.391304347826087	0.0	0.0
473|1	0.3225806451612903	0.06451612903225806	0.06451612903225806	0.0967741935483871	0.45161290322580644
344|1	0.6	0.13333333333333333	0.26666666666666666	0.0	0.0
713|1	0.18604651162790697	0.06976744186046512	0.09302325581395349	0.11627906976744186	0.5348837209302325
72|1	0.6	0.0	0.12	0.04	0.24
408|1	0.3333333333333333	0.1111111111111111	0.3333333333333333	0.0	0.2222222222222222
392|1	0.64	0.0	0.12	0.04	0.2
438|1	0.12244897959183673	0.10204081632653061	0.16326530612244897	0.2857142857142857	0.32653061224489793
433|1	0.6923076923076923	0.07692307692307693	0.23076923076923078	0.0	0.0
290|1	0.6153846153846154	0.07692307692307693	0.3076923076923077	0.0	0.0
558|1	0.3333333333333333	0.25	0.16666666666666666	0.16666666666666666	0.08333333333333333
467|1	0.75	0.0	0.25	0.0	0.0
468|1	0.6153846153846154	0.07692307692307693	0.3076923076923077	0.0	0.0
43|1	0.7222222222222222	0.0	0.05555555555555555	0.0	0.2222222222222222
488|1	0.3548387096774194	0.06451612903225806	0.06451612903225806	0.03225806451612903	0.4838709677419355
729|1	0.4666666666666667	0.06666666666666667	0.4666666666666667	0.0	0.0
117|1	0.4	0.06666666666666667	0.4666666666666667	0.0	0.06666666666666667
617|1	0.25	0.1	0.15	0.05	0.45
281|1	0.4782608695652174	0.043478260869565216	0.391304347826087	0.0	0.08695652173913043
106|1	0.3333333333333333	0.25	0.08333333333333333	0.25	0.08333333333333333
437|1	0.5833333333333334	0.08333333333333333	0.25	0.0	0.08333333333333333
231|1	0.4782608695652174	0.13043478260869565	0.21739130434782608	0.0	0.17391304347826086
450|1	0.3	0.03333333333333333	0.16666666666666666	0.06666666666666667	0.43333333333333335
362|1	0.5294117647058824	0.11764705882352941	0.058823529411764705	0.0	0.29411764705882354
155|1	0.3548387096774194	0.06451612903225806	0.0967741935483871	0.03225806451612903	0.45161290322580644
430|1	0.5652173913043478	0.08695652173913043	0.13043478260869565	0.043478260869565216	0.17391304347826086
583|1	0.26666666666666666	0.2	0.4666666666666667	0.0	0.06666666666666667
518|1	0.5714285714285714	0.047619047619047616	0.38095238095238093	0.0	0.0
96|1	0.64	0.0	0.16	0.04	0.16
225|1	0.3076923076923077	0.11538461538461539	0.3076923076923077	0.0	0.2692307692307692
402|1	0.45454545454545453	0.13636363636363635	0.3181818181818182	0.0	0.09090909090909091
214|1	0.7037037037037037	0.037037037037037035	0.14814814814814814	0.037037037037037035	0.07407407407407407
325|1	0.2	0.13333333333333333	0.06666666666666667	0.2	0.4
498|1	0.6428571428571429	0.07142857142857142	0.14285714285714285	0.07142857142857142	0.07142857142857142
36|1	0.4166666666666667	0.041666666666666664	0.2916666666666667	0.0	0.25
691|1	0.5	0.0	0.0	0.0	0.5
545|1	0.2222222222222222	0.16666666666666666	0.2222222222222222	0.0	0.3888888888888889
419|1	0.5384615384615384	0.07692307692307693	0.3076923076923077	0.07692307692307693	0.0
559|1	0.5384615384615384	0.0	0.11538461538461539	0.11538461538461539	0.23076923076923078
314|1	0.6153846153846154	0.07692307692307693	0.3076923076923077	0.0	0.0
313|1	0.5416666666666666	0.08333333333333333	0.16666666666666666	0.0	0.20833333333333334
612|1	0.6666666666666666	0.08333333333333333	0.25	0.0	0.0
104|1	0.3076923076923077	0.15384615384615385	0.3076923076923077	0.07692307692307693	0.15384615384615385
510|1	0.2222222222222222	0.2222222222222222	0.3333333333333333	0.05555555555555555	0.16666666666666666
455|1	0.4642857142857143	0.07142857142857142	0.17857142857142858	0.03571428571428571	0.25
221|1	0.4	0.12	0.2	0.08	0.2
62|1	0.3333333333333333	0.06666666666666667	0.1	0.03333333333333333	0.4666666666666667
456|1	0.4117647058823529	0.11764705882352941	0.29411764705882354	0.0	0.17647058823529413
547|1	0.4	0.13333333333333333	0.26666666666666666	0.13333333333333333	0.06666666666666667
544|1	0.5	0.0	0.08333333333333333	0.16666666666666666	0.25
355|1	0.2777777777777778	0.16666666666666666	0.2222222222222222	0.0	0.3333333333333333
375|1	0.46153846153846156	0.07692307692307693	0.07692307692307693	0.07692307692307693	0.3076923076923077
440|1	0.55	0.1	0.25	0.0	0.1
624|1	0.35294117647058826	0.11764705882352941	0.29411764705882354	0.058823529411764705	0.17647058823529413
222|1	0.3333333333333333	0.14814814814814814	0.4074074074074074	0.0	0.1111111111111111
107|1	0.5	0.0625	0.3125	0.0625	0.0625
81|1	0.6086956521739131	0.0	0.391304347826087	0.0	0.0
291|1	0.2	0.0	0.6	0.0	0.2
114|1	0.625	0.125	0.125	0.0625	0.0625
163|1	0.6363636363636364	0.09090909090909091	0.2727272727272727	0.0	0.0
560|1	0.6875	0.0625	0.125	0.0625	0.0625
247|1	0.3888888888888889	0.1111111111111111	0.4444444444444444	0.0	0.05555555555555555
400|1	0.7142857142857143	0.0	0.21428571428571427	0.0	0.07142857142857142
452|1	0.25	0.25	0.4375	0.0	0.0625
443|1	0.28	0.16	0.32	0.0	0.24
270|1	0.3	0.15	0.2	0.0	0.35
478|1	0.38461538461538464	0.15384615384615385	0.23076923076923078	0.0	0.23076923076923078
84|1	0.5833333333333334	0.041666666666666664	0.20833333333333334	0.041666666666666664	0.125
184|1	0.64	0.0	0.16	0.04	0.16
594|1	0.5333333333333333	0.06666666666666667	0.3333333333333333	0.0	0.06666666666666667
689|1	0.46153846153846156	0.15384615384615385	0.07692307692307693	0.0	0.3076923076923077
105|1	0.3793103448275862	0.034482758620689655	0.034482758620689655	0.034482758620689655	0.5172413793103449
470|1	0.46153846153846156	0.23076923076923078	0.3076923076923077	0.0	0.0
245|1	0.3333333333333333	0.2	0.4	0.0	0.06666666666666667
23|1	0.4444444444444444	0.16666666666666666	0.3333333333333333	0.0	0.05555555555555555
190|1	0.4583333333333333	0.125	0.16666666666666666	0.0	0.25
556|1	0.3448275862068966	0.1724137931034483	0.13793103448275862	0.034482758620689655	0.3103448275862069
664|1	0.3181818181818182	0.0	0.45454545454545453	0.045454545454545456	0.18181818181818182
135|1	0.46153846153846156	0.23076923076923078	0.3076923076923077	0.0	0.0
123|1	0.6153846153846154	0.07692307692307693	0.3076923076923077	0.0	0.0
561|1	0.3333333333333333	0.26666666666666666	0.06666666666666667	0.06666666666666667	0.26666666666666666
158|1	0.6	0.13333333333333333	0.26666666666666666	0.0	0.0
502|1	0.3076923076923077	0.11538461538461539	0.3076923076923077	0.0	0.2692307692307692
646|1	0.46875	0.125	0.28125	0.0	0.125
262|1	0.4666666666666667	0.13333333333333333	0.13333333333333333	0.06666666666666667	0.2
541|1	0.6875	0.0625	0.25	0.0	0.0
578|1	0.7333333333333333	0.0	0.26666666666666666	0.0	0.0
120|1	0.4117647058823529	0.08823529411764706	0.029411764705882353	0.0	0.47058823529411764
445|1	0.34375	0.09375	0.0625	0.0625	0.4375
517|1	0.25	0.25	0.08333333333333333	0.25	0.16666666666666666
278|1	0.5	0.08333333333333333	0.4166666666666667	0.0	0.0
29|1	0.3333333333333333	0.25	0.25	0.08333333333333333	0.08333333333333333
299|1	0.5294117647058824	0.058823529411764705	0.11764705882352941	0.0	0.29411764705882354
13|1	0.5333333333333333	0.06666666666666667	0.3333333333333333	0.0	0.06666666666666667
676|1	0.17647058823529413	0.23529411764705882	0.35294117647058826	0.0	0.23529411764705882
394|1	0.5416666666666666	0.08333333333333333	0.16666666666666666	0.041666666666666664	0.16666666666666666
316|1	0.625	0.0625	0.1875	0.0625	0.0625
229|1	0.4	0.0	0.0	0.0	0.6
662|1	0.4166666666666667	0.16666666666666666	0.3333333333333333	0.0	0.08333333333333333
475|1	0.5384615384615384	0.15384615384615385	0.3076923076923077	0.0	0.0
599|1	0.5555555555555556	0.07407407407407407	0.25925925925925924	0.0	0.1111111111111111
379|1	0.5714285714285714	0.07142857142857142	0.25	0.0	0.10714285714285714
12|1	0.3695652173913043	0.021739130434782608	0.1956521739130435	0.13043478260869565	0.2826086956521739
210|1	0.36363636363636365	0.45454545454545453	0.18181818181818182	0.0	0.0
243|1	0.39759036144578314	0.024096385542168676	0.1927710843373494	0.10843373493975904	0.27710843373493976
416|1	0.3333333333333333	0.25	0.16666666666666666	0.16666666666666666	0.08333333333333333
148|1	0.26666666666666666	0.06666666666666667	0.03333333333333333	0.06666666666666667	0.5666666666666667
516|1	0.6538461538461539	0.038461538461538464	0.07692307692307693	0.0	0.23076923076923078
513|1	0.35294117647058826	0.11764705882352941	0.35294117647058826	0.0	0.17647058823529413
38|1	0.6923076923076923	0.07692307692307693	0.23076923076923078	0.0	0.0
251|1	0.6875	0.0625	0.25	0.0	0.0
287|1	0.6842105263157895	0.0	0.3157894736842105	0.0	0.0
271|1	0.5882352941176471	0.029411764705882353	0.14705882352941177	0.029411764705882353	0.20588235294117646
661|1	0.6875	0.0625	0.1875	0.0	0.0625
572|1	0.2857142857142857	0.21428571428571427	0.07142857142857142	0.14285714285714285	0.2857142857142857
504|1	0.47058823529411764	0.11764705882352941	0.29411764705882354	0.0	0.11764705882352941
154|1	0.3548387096774194	0.06451612903225806	0.0967741935483871	0.06451612903225806	0.41935483870967744
696|1	0.4444444444444444	0.0	0.3888888888888889	0.1111111111111111	0.05555555555555555
4|1	0.41935483870967744	0.03225806451612903	0.22580645161290322	0.06451612903225806	0.25806451612903225
246|1	0.6	0.0	0.4	0.0	0.0
367|1	0.5833333333333334	0.08333333333333333	0.3333333333333333	0.0	0.0
40|1	0.4666666666666667	0.06666666666666667	0.3333333333333333	0.0	0.13333333333333333
195|1	0.47058823529411764	0.11764705882352941	0.17647058823529413	0.058823529411764705	0.17647058823529413
128|1	0.75	0.0625	0.125	0.0625	0.0
42|1	0.5	0.08333333333333333	0.08333333333333333	0.08333333333333333	0.25
33|1	0.44	0.04	0.08	0.08	0.36
2|1	0.6	0.06666666666666667	0.3333333333333333	0.0	0.0
65|1	0.2972972972972973	0.10810810810810811	0.2972972972972973	0.13513513513513514	0.16216216216216217
414|1	0.6363636363636364	0.09090909090909091	0.2727272727272727	0.0	0.0
283|1	0.5333333333333333	0.13333333333333333	0.3333333333333333	0.0	0.0
668|1	0.35	0.2	0.4	0.0	0.05
342|1	0.35714285714285715	0.07142857142857142	0.07142857142857142	0.03571428571428571	0.4642857142857143
621|1	0.6086956521739131	0.08695652173913043	0.13043478260869565	0.043478260869565216	0.13043478260869565
687|1	0.42857142857142855	0.14285714285714285	0.42857142857142855	0.0	0.0
396|1	0.5333333333333333	0.06666666666666667	0.06666666666666667	0.13333333333333333	0.2
703|1	0.4444444444444444	0.16666666666666666	0.3333333333333333	0.0	0.05555555555555555
66|1	0.46153846153846156	0.23076923076923078	0.3076923076923077	0.0	0.0
633|1	0.5555555555555556	0.1111111111111111	0.2777777777777778	0.0	0.05555555555555555
233|1	0.5833333333333334	0.0	0.25	0.0	0.16666666666666666
726|1	0.2	0.1	0.1	0.1	0.5
674|1	0.3125	0.1875	0.4375	0.0	0.0625
376|1	0.2777777777777778	0.2222222222222222	0.4444444444444444	0.0	0.05555555555555555
626|1	0.26666666666666666	0.26666666666666666	0.4	0.0	0.06666666666666667
735|1	0.5384615384615384	0.038461538461538464	0.19230769230769232	0.0	0.23076923076923078
333|1	0.3333333333333333	0.3333333333333333	0.25	0.08333333333333333	0.0
576|1	0.3	0.2	0.4	0.0	0.1
449|1	0.26666666666666666	0.2	0.4	0.0	0.13333333333333333
596|1	0.3333333333333333	0.25	0.25	0.08333333333333333	0.08333333333333333
153|1	0.4583333333333333	0.125	0.16666666666666666	0.0	0.25
9|1	0.5135135135135135	0.05405405405405406	0.2702702702702703	0.08108108108108109	0.08108108108108109
219|1	0.3076923076923077	0.11538461538461539	0.3076923076923077	0.0	0.2692307692307692
381|1	0.23333333333333334	0.1	0.1	0.13333333333333333	0.43333333333333335
397|1	0.45454545454545453	0.13636363636363635	0.4090909090909091	0.0	0.0
294|1	0.23529411764705882	0.11764705882352941	0.4117647058823529	0.11764705882352941	0.11764705882352941
216|1	0.36363636363636365	0.0	0.09090909090909091	0.09090909090909091	0.45454545454545453
89|1	0.4166666666666667	0.125	0.25	0.0	0.20833333333333334
393|1	0.64	0.04	0.16	0.04	0.12
277|1	0.35714285714285715	0.14285714285714285	0.07142857142857142	0.03571428571428571	0.39285714285714285
497|1	0.4666666666666667	0.0	0.4	0.13333333333333333	0.0
152|1	0.6153846153846154	0.07692307692307693	0.3076923076923077	0.0	0.0
332|1	0.5428571428571428	0.05714285714285714	0.2571428571428571	0.05714285714285714	0.08571428571428572
20|1	0.5	0.08333333333333333	0.4166666666666667	0.0	0.0
389|1	0.5238095238095238	0.06349206349206349	0.14285714285714285	0.047619047619047616	0.2222222222222222
318|1	0.16666666666666666	0.3333333333333333	0.3333333333333333	0.0	0.16666666666666666
258|1	0.2608695652173913	0.06521739130434782	0.13043478260869565	0.021739130434782608	0.5217391304347826
311|1	0.2857142857142857	0.21428571428571427	0.42857142857142855	0.0	0.07142857142857142
161|1	0.631578947368421	0.05263157894736842	0.3157894736842105	0.0	0.0
565|1	0.6896551724137931	0.034482758620689655	0.13793103448275862	0.034482758620689655	0.10344827586206896
406|1	0.5	0.08333333333333333	0.3333333333333333	0.0	0.08333333333333333
460|1	0.36	0.08	0.2	0.12	0.24
728|1	0.3888888888888889	0.16666666666666666	0.3888888888888889	0.0	0.05555555555555555
64|1	0.6086956521739131	0.0	0.391304347826087	0.0	0.0
357|1	0.52	0.12	0.36	0.0	0.0
101|1	0.3684210526315789	0.21052631578947367	0.42105263157894735	0.0	0.0
131|1	0.6129032258064516	0.03225806451612903	0.3548387096774194	0.0	0.0
186|1	0.5882352941176471	0.058823529411764705	0.17647058823529413	0.058823529411764705	0.11764705882352941
320|1	0.16666666666666666	0.16666666666666666	0.6666666666666666	0.0	0.0
588|1	0.6153846153846154	0.07692307692307693	0.3076923076923077	0.0	0.0
725|1	0.2608695652173913	0.043478260869565216	0.15217391304347827	0.021739130434782608	0.5217391304347826
679|1	0.5526315789473685	0.05263157894736842	0.23684210526315788	0.05263157894736842	0.10526315789473684
323|1	0.2857142857142857	0.21428571428571427	0.42857142857142855	0.0	0.07142857142857142
580|1	0.6363636363636364	0.09090909090909091	0.2727272727272727	0.0	0.0
454|1	0.3333333333333333	0.25	0.25	0.0	0.16666666666666666
340|1	0.75	0.0	0.05	0.0	0.2
289|1	0.21739130434782608	0.043478260869565216	0.15217391304347827	0.021739130434782608	0.5652173913043478
73|1	0.42857142857142855	0.14285714285714285	0.42857142857142855	0.0	0.0
268|1	0.36666666666666664	0.16666666666666666	0.13333333333333333	0.03333333333333333	0.3
401|1	0.6153846153846154	0.07692307692307693	0.3076923076923077	0.0	0.0
645|1	0.4444444444444444	0.16666666666666666	0.3333333333333333	0.0	0.05555555555555555
374|1	0.28865979381443296	0.09278350515463918	0.12371134020618557	0.08247422680412371	0.41237113402061853
441|1	0.5	0.07692307692307693	0.15384615384615385	0.057692307692307696	0.21153846153846154
204|1	0.5384615384615384	0.0	0.3076923076923077	0.0	0.15384615384615385
235|1	0.6363636363636364	0.09090909090909091	0.2727272727272727	0.0	0.0
227|1	0.25	0.25	0.4375	0.0	0.0625
526|1	0.5833333333333334	0.08333333333333333	0.3333333333333333	0.0	0.0
364|1	0.2413793103448276	0.13793103448275862	0.06896551724137931	0.06896551724137931	0.4827586206896552
471|1	0.29411764705882354	0.14705882352941177	0.4411764705882353	0.0	0.11764705882352941
709|1	0.6363636363636364	0.0	0.36363636363636365	0.0	0.0
181|1	0.35	0.05	0.45	0.0	0.15
234|1	0.5416666666666666	0.08333333333333333	0.16666666666666666	0.0	0.20833333333333334
274|1	0.375	0.125	0.375	0.08333333333333333	0.041666666666666664
405|1	0.2391304347826087	0.06521739130434782	0.17391304347826086	0.043478260869565216	0.4782608695652174
462|1	0.36363636363636365	0.13636363636363635	0.3181818181818182	0.0	0.18181818181818182
451|1	0.3076923076923077	0.15384615384615385	0.38461538461538464	0.07692307692307693	0.07692307692307693
631|1	0.3448275862068966	0.06896551724137931	0.06896551724137931	0.034482758620689655	0.4827586206896552
697|1	0.5384615384615384	0.15384615384615385	0.3076923076923077	0.0	0.0
383|1	0.3548387096774194	0.06451612903225806	0.06451612903225806	0.03225806451612903	0.4838709677419355
678|1	0.5	0.08333333333333333	0.3333333333333333	0.0	0.08333333333333333
483|1	0.3548387096774194	0.06451612903225806	0.06451612903225806	0.03225806451612903	0.4838709677419355
285|1	0.5789473684210527	0.10526315789473684	0.21052631578947367	0.05263157894736842	0.05263157894736842
341|1	0.3076923076923077	0.11538461538461539	0.3076923076923077	0.0	0.2692307692307692
178|1	0.6875	0.0625	0.125	0.0625	0.0625
336|1	0.6923076923076923	0.07692307692307693	0.23076923076923078	0.0	0.0
6|1	0.38095238095238093	0.07142857142857142	0.21428571428571427	0.15476190476190477	0.17857142857142858
600|1	0.6666666666666666	0.08333333333333333	0.25	0.0	0.0
699|1	0.6153846153846154	0.07692307692307693	0.3076923076923077	0.0	0.0
701|1	0.25	0.3333333333333333	0.16666666666666666	0.16666666666666666	0.08333333333333333
411|1	0.02127659574468085	0.06382978723404255	0.19148936170212766	0.3404255319148936	0.3829787234042553
208|1	0.3793103448275862	0.0	0.41379310344827586	0.10344827586206896	0.10344827586206896
695|1	0.4	0.04	0.2	0.0	0.36
684|1	0.5882352941176471	0.058823529411764705	0.35294117647058826	0.0	0.0
571|1	0.5384615384615384	0.15384615384615385	0.3076923076923077	0.0	0.0
240|1	0.5384615384615384	0.07692307692307693	0.38461538461538464	0.0	0.0
209|1	0.5714285714285714	0.07142857142857142	0.35714285714285715	0.0	0.0
527|1	0.5	0.08333333333333333	0.4166666666666667	0.0	0.0
11|1	0.5384615384615384	0.15384615384615385	0.3076923076923077	0.0	0.0
472|1	0.3888888888888889	0.16666666666666666	0.3888888888888889	0.0	0.05555555555555555
127|1	0.3076923076923077	0.11538461538461539	0.3076923076923077	0.0	0.2692307692307692
589|1	0.2608695652173913	0.34782608695652173	0.391304347826087	0.0	0.0
168|1	0.5	0.08333333333333333	0.3333333333333333	0.0	0.08333333333333333
236|1	0.6666666666666666	0.08333333333333333	0.25	0.0	0.0
567|1	0.5789473684210527	0.10526315789473684	0.05263157894736842	0.0	0.2631578947368421
447|1	0.7142857142857143	0.03571428571428571	0.14285714285714285	0.0	0.10714285714285714
685|1	0.3	0.06666666666666667	0.1	0.06666666666666667	0.4666666666666667
361|1	0.4166666666666667	0.08333333333333333	0.08333333333333333	0.08333333333333333	0.3333333333333333
8|1	0.6153846153846154	0.15384615384615385	0.15384615384615385	0.0	0.07692307692307693
310|1	0.5135135135135135	0.05405405405405406	0.21621621621621623	0.05405405405405406	0.16216216216216217
51|1	0.27586206896551724	0.06896551724137931	0.034482758620689655	0.06896551724137931	0.5517241379310345
165|1	0.7391304347826086	0.0	0.17391304347826086	0.0	0.08695652173913043
232|1	0.3181818181818182	0.09090909090909091	0.13636363636363635	0.0	0.45454545454545453
275|1	0.5833333333333334	0.0	0.25	0.0	0.16666666666666666
548|1	0.6153846153846154	0.07692307692307693	0.3076923076923077	0.0	0.0
657|1	0.42857142857142855	0.14285714285714285	0.3333333333333333	0.0	0.09523809523809523
304|1	0.25	0.16666666666666666	0.3333333333333333	0.16666666666666666	0.08333333333333333
644|1	0.3333333333333333	0.16666666666666666	0.13333333333333333	0.06666666666666667	0.3
136|1	0.5384615384615384	0.07692307692307693	0.38461538461538464	0.0	0.0
660|1	0.48	0.12	0.36	0.0	0.04
387|1	0.7058823529411765	0.11764705882352941	0.058823529411764705	0.0	0.11764705882352941
324|1	0.4666666666666667	0.06666666666666667	0.4	0.0	0.06666666666666667
300|1	0.7857142857142857	0.0	0.07142857142857142	0.0	0.14285714285714285
384|1	0.5185185185185185	0.07407407407407407	0.18518518518518517	0.037037037037037035	0.18518518518518517
69|1	0.3	0.06666666666666667	0.03333333333333333	0.1	0.5
241|1	0.5384615384615384	0.07692307692307693	0.15384615384615385	0.15384615384615385	0.07692307692307693
439|1	0.3448275862068966	0.034482758620689655	0.034482758620689655	0.034482758620689655	0.5517241379310345
119|1	0.6153846153846154	0.07692307692307693	0.3076923076923077	0.0	0.0
553|1	0.6	0.0	0.4	0.0	0.0
573|1	0.15	0.05	0.2	0.0	0.6
667|1	0.47619047619047616	0.09523809523809523	0.42857142857142855	0.0	0.0
149|1	0.4117647058823529	0.11764705882352941	0.23529411764705882	0.058823529411764705	0.17647058823529413
515|1	0.625	0.0625	0.25	0.0	0.0625
173|1	0.36363636363636365	0.13636363636363635	0.09090909090909091	0.045454545454545456	0.36363636363636365
27|1	0.5185185185185185	0.1111111111111111	0.07407407407407407	0.0	0.2962962962962963
102|1	0.5416666666666666	0.041666666666666664	0.3333333333333333	0.0	0.08333333333333333
382|1	0.42857142857142855	0.23809523809523808	0.3333333333333333	0.0	0.0
125|1	0.46153846153846156	0.11538461538461539	0.38461538461538464	0.0	0.038461538461538464
540|1	0.47058823529411764	0.058823529411764705	0.47058823529411764	0.0	0.0
82|1	0.5217391304347826	0.13043478260869565	0.21739130434782608	0.043478260869565216	0.08695652173913043
327|1	0.625	0.041666666666666664	0.16666666666666666	0.041666666666666664	0.125
98|1	0.5	0.0	0.08333333333333333	0.16666666666666666	0.25
702|1	0.3253012048192771	0.04819277108433735	0.20481927710843373	0.07228915662650602	0.3493975903614458
522|1	0.5652173913043478	0.043478260869565216	0.391304347826087	0.0	0.0
682|1	0.3	0.0	0.23333333333333334	0.1	0.36666666666666664
723|1	0.6	0.06666666666666667	0.06666666666666667	0.0	0.26666666666666666
602|1	0.5833333333333334	0.08333333333333333	0.3333333333333333	0.0	0.0
627|1	0.5555555555555556	0.1111111111111111	0.1111111111111111	0.05555555555555555	0.16666666666666666
632|1	0.4	0.15	0.05	0.05	0.35
649|1	0.7222222222222222	0.0	0.1111111111111111	0.0	0.16666666666666666
14|1	0.64	0.0	0.16	0.04	0.16
512|1	0.625	0.0625	0.3125	0.0	0.0
732|1	0.6153846153846154	0.07692307692307693	0.3076923076923077	0.0	0.0
116|1	0.2	0.0	0.6	0.0	0.2
592|1	0.6363636363636364	0.09090909090909091	0.2727272727272727	0.0	0.0
501|1	0.375	0.125	0.3125	0.0625	0.125
180|1	0.6	0.06666666666666667	0.2	0.06666666666666667	0.06666666666666667
3|1	0.3548387096774194	0.06451612903225806	0.0967741935483871	0.03225806451612903	0.45161290322580644
442|1	0.6875	0.0625	0.125	0.0625	0.0625
523|1	0.5714285714285714	0.0	0.42857142857142855	0.0	0.0
360|1	0.625	0.0625	0.3125	0.0	0.0
640|1	0.5833333333333334	0.08333333333333333	0.3333333333333333	0.0	0.0
716|1	0.3888888888888889	0.2222222222222222	0.3333333333333333	0.0	0.05555555555555555
266|1	0.5454545454545454	0.18181818181818182	0.0	0.09090909090909091	0.18181818181818182
656|1	0.417910447761194	0.1044776119402985	0.05970149253731343	0.014925373134328358	0.40298507462686567
373|1	0.48	0.04	0.16	0.12	0.2
25|1	0.18181818181818182	0.36363636363636365	0.45454545454545453	0.0	0.0
140|1	0.6190476190476191	0.14285714285714285	0.23809523809523808	0.0	0.0
74|1	0.5833333333333334	0.08333333333333333	0.25	0.0	0.08333333333333333
108|1	0.3684210526315789	0.05263157894736842	0.3157894736842105	0.10526315789473684	0.15789473684210525
453|1	0.26666666666666666	0.06666666666666667	0.03333333333333333	0.06666666666666667	0.5666666666666667
56|1	0.5185185185185185	0.1111111111111111	0.14814814814814814	0.037037037037037035	0.18518518518518517
194|1	0.35	0.2	0.3	0.0	0.15
239|1	0.23076923076923078	0.23076923076923078	0.46153846153846156	0.0	0.07692307692307693
282|1	0.04878048780487805	0.04878048780487805	0.17073170731707318	0.21951219512195122	0.5121951219512195
520|1	0.5	0.08333333333333333	0.3333333333333333	0.0	0.08333333333333333
459|1	0.2962962962962963	0.37037037037037035	0.1111111111111111	0.037037037037037035	0.18518518518518517
391|1	0.2413793103448276	0.10344827586206896	0.034482758620689655	0.06896551724137931	0.5517241379310345
461|1	0.6875	0.0625	0.125	0.0625	0.0625
126|1	0.5833333333333334	0.041666666666666664	0.20833333333333334	0.041666666666666664	0.125
555|1	0.3103448275862069	0.034482758620689655	0.034482758620689655	0.034482758620689655	0.5862068965517241
506|1	0.6923076923076923	0.07692307692307693	0.23076923076923078	0.0	0.0
345|1	0.2391304347826087	0.06521739130434782	0.1956521739130435	0.043478260869565216	0.45652173913043476
686|1	0.5	0.07142857142857142	0.2857142857142857	0.0	0.14285714285714285
663|1	0.25	0.16666666666666666	0.08333333333333333	0.16666666666666666	0.3333333333333333
